内容,评价
内容粗制滥造，感觉作者根本没花心思写,负面
结构松散，东拉西扯，完全不知道重点在哪里,负面
深度和广度兼具，既适合新手也适合有一定基础的人,正面
逻辑混乱，前后矛盾，作者自己都没搞清楚在说什么,负面
每一章都有新的启发，读完感觉思维被打开了,正面
从第一页就被吸引住了，强烈推荐给所有对生物学感兴趣的人,正面
这本书是我今年读过最失望的一本，强烈不推荐,负面
深度和广度兼具，既适合新手也适合有一定基础的人,正面
内容粗制滥造，感觉作者根本没花心思写,负面
作者的经验分享非常真诚，读起来很有共鸣,正面
内容深入浅出，复杂概念讲得通俗易懂,正面
作者水平有限，写的全是网上能搜到的入门知识,负面
这本书帮我解决了很多实际问题，实用性很强,正面
作者的文笔流畅，故事情节引人入胜，一口气读完根本停不下来,正面
作者的文笔流畅，故事情节引人入胜，一口气读完根本停不下来,正面
内容深入浅出，复杂概念讲得通俗易懂,正面
排版糟糕，错别字连篇，像是没经过编辑就出版了,负面
全书都是废话，翻了半天没找到任何有价值的内容,负面
重复内容太多，一本书的内容硬凑成了三百页,负面
观点偏激且缺乏论据支撑，读起来让人很不舒服,负面
这本书改变了我的思维方式，值得反复阅读,正面
内容深入浅出，复杂概念讲得通俗易懂,正面
整本书充满了错误，不知道怎么通过审核出版的,负面
内容粗制滥造，感觉作者根本没花心思写,负面
每一章都有新的启发，读完感觉思维被打开了,正面
书中所说的方法试过了，完全没用，纯属忽悠人,负面
翻译质量很高，读起来非常顺畅，专业术语处理得当,正面
内容严重过时，现在看完全没有任何参考价值,负面
排版糟糕，错别字连篇，像是没经过编辑就出版了,负面
作者对管理学的见解非常深刻，读完豁然开朗,正面
读完感觉被骗了，内容空洞无物，纯粹是赚快钱,负面
书中案例生动有趣，理论联系实际，非常适合入门学习,正面
对管理学的讲解非常肤浅，还不如看免费网课,负面
深度和广度兼具，既适合新手也适合有一定基础的人,正面
全书都是废话，翻了半天没找到任何有价值的内容,负面
排版精美，插图丰富，阅读体验极佳,正面
内容翔实，论据充分，是一本非常有价值的参考书,正面
这本书让我对经济学更加困惑了，越看越糊涂,负面
书中的方法论非常实用，我已经在实际工作中应用了,正面
内容深入浅出，复杂概念讲得通俗易懂,正面
理论脱离实际，说的都是理想情况，根本没法落地,负面
案例丰富，分析到位，对实际工作很有指导意义,正面
这本书让我对市场营销有了全新的认识，观点独到且深刻,正面
每一章都有新的启发，读完感觉思维被打开了,正面
翻译质量很高，读起来非常顺畅，专业术语处理得当,正面
逻辑混乱，前后矛盾，作者自己都没搞清楚在说什么,负面
知识体系完整，讲解透彻，是编程领域的标杆之作,正面
书中的方法论非常实用，我已经在实际工作中应用了,正面
这是一本值得放在书架上反复翻阅的好书,正面
整本书结构清晰，逻辑严密，是哲学领域不可多得的佳作,正面
整本书结构清晰，逻辑严密，是金融领域不可多得的佳作,正面
读完感觉被骗了，内容空洞无物，纯粹是赚快钱,负面
编辑太不负责了，图表模糊、页码错乱，体验极差,负面
每一章都有新的启发，读完感觉思维被打开了,正面
重复内容太多，一本书的内容硬凑成了三百页,负面
整本书结构清晰，逻辑严密，是心理学领域不可多得的佳作,正面
大量抄袭其他著作的内容，原创性几乎为零,负面
写得太好了，每一页都有金句，值得做大量笔记,正面
内容翔实，论据充分，是一本非常有价值的参考书,正面
看完后久久不能平静，这是今年读过最好的书之一,正面
这本书让我对机器学习有了全新的认识，观点独到且深刻,正面
理论脱离实际，说的都是理想情况，根本没法落地,负面
编辑太不负责了，图表模糊、页码错乱，体验极差,负面
这本书让我对机器学习有了全新的认识，观点独到且深刻,正面
书中案例生动有趣，理论联系实际，非常适合入门学习,正面
书中所讲的理念改变了我看待世界的方式,正面
内容粗制滥造，感觉作者根本没花心思写,负面
翻译质量极差，语句不通顺，读起来非常吃力,负面
作者水平有限，写的全是网上能搜到的入门知识,负面
书中的方法论非常实用，我已经在实际工作中应用了,正面
内容粗制滥造，感觉作者根本没花心思写,负面
作者的文笔流畅，故事情节引人入胜，一口气读完根本停不下来,正面
作者对统计学的见解非常深刻，读完豁然开朗,正面
语言幽默风趣，枯燥的知识变得生动易懂,正面
读完感觉被骗了，内容空洞无物，纯粹是赚快钱,负面
买了之后翻了两页就放下了，实在读不下去,负面
纸张质量差，印刷模糊，整体做工非常粗糙,负面
排版糟糕，错别字连篇，像是没经过编辑就出版了,负面
案例丰富，分析到位，对实际工作很有指导意义,正面
排版糟糕，错别字连篇，像是没经过编辑就出版了,负面
书中所讲的理念改变了我看待世界的方式,正面
语言幽默风趣，枯燥的知识变得生动易懂,正面
大量抄袭其他著作的内容，原创性几乎为零,负面
排版糟糕，错别字连篇，像是没经过编辑就出版了,负面
排版糟糕，错别字连篇，像是没经过编辑就出版了,负面
作者对经济学的见解非常深刻，读完豁然开朗,正面
观点偏激且缺乏论据支撑，读起来让人很不舒服,负面
作者水平有限，写的全是网上能搜到的入门知识,负面
案例丰富，分析到位，对实际工作很有指导意义,正面
不仅学到了知识，更学会了如何思考，收获远超预期,正面
编辑太不负责了，图表模糊、页码错乱，体验极差,负面
看完后感觉什么都没学到，时间完全浪费了,负面
内容深入浅出，复杂概念讲得通俗易懂,正面
买了之后翻了两页就放下了，实在读不下去,负面
内容深入浅出，复杂概念讲得通俗易懂,正面
大量抄袭其他著作的内容，原创性几乎为零,负面
编辑太不负责了，图表模糊、页码错乱，体验极差,负面
纸张质量差，印刷模糊，整体做工非常粗糙,负面
对设计的讲解非常肤浅，还不如看免费网课,负面
作者的经验分享非常真诚，读起来很有共鸣,正面
排版糟糕，错别字连篇，像是没经过编辑就出版了,负面
这本书帮我解决了很多实际问题，实用性很强,正面
排版精美，插图丰富，阅读体验极佳,正面
这本书内容非常丰富，读完后受益匪浅，强烈推荐给大家,正面
这本书内容非常丰富，读完后受益匪浅，强烈推荐给大家,正面
整本书结构清晰，逻辑严密，是物理学领域不可多得的佳作,正面
书中的方法论非常实用，我已经在实际工作中应用了,正面
写得太好了，每一页都有金句，值得做大量笔记,正面
内容粗制滥造，感觉作者根本没花心思写,负面
作者水平有限，写的全是网上能搜到的入门知识,负面
这本书内容非常丰富，读完后受益匪浅，强烈推荐给大家,正面
这本书内容太浅了，浪费时间，完全不值这个价格,负面
翻译质量极差，语句不通顺，读起来非常吃力,负面
这本书让我对生物学更加困惑了，越看越糊涂,负面
全书都是废话，翻了半天没找到任何有价值的内容,负面
作者的经验分享非常真诚，读起来很有共鸣,正面
这本书让我对历史有了全新的认识，观点独到且深刻,正面
作者水平有限，写的全是网上能搜到的入门知识,负面
排版糟糕，错别字连篇，像是没经过编辑就出版了,负面
排版糟糕，错别字连篇，像是没经过编辑就出版了,负面
每一章都有新的启发，读完感觉思维被打开了,正面
案例丰富，分析到位，对实际工作很有指导意义,正面
写得太好了，每一页都有金句，值得做大量笔记,正面
书中所说的方法试过了，完全没用，纯属忽悠人,负面
翻译质量很高，读起来非常顺畅，专业术语处理得当,正面
这本书让我对金融有了全新的认识，观点独到且深刻,正面
内容粗制滥造，感觉作者根本没花心思写,负面
排版糟糕，错别字连篇，像是没经过编辑就出版了,负面
知识体系完整，讲解透彻，是经济学领域的标杆之作,正面
标题党，内容跟标题完全不符，严重名不副实,负面
结构松散，东拉西扯，完全不知道重点在哪里,负面
这本书让我对编程有了全新的认识，观点独到且深刻,正面
理论脱离实际，说的都是理想情况，根本没法落地,负面
案例丰富，分析到位，对实际工作很有指导意义,正面
内容翔实，论据充分，是一本非常有价值的参考书,正面
这本书帮我解决了很多实际问题，实用性很强,正面
看完后感觉什么都没学到，时间完全浪费了,负面
这本书让我对市场营销更加困惑了，越看越糊涂,负面
结构松散，东拉西扯，完全不知道重点在哪里,负面
这本书内容太浅了，浪费时间，完全不值这个价格,负面
这本书让我对金融有了全新的认识，观点独到且深刻,正面
翻译质量很高，读起来非常顺畅，专业术语处理得当,正面
排版糟糕，错别字连篇，像是没经过编辑就出版了,负面
看完后久久不能平静，这是今年读过最好的书之一,正面
作者的文笔流畅，故事情节引人入胜，一口气读完根本停不下来,正面
编辑太不负责了，图表模糊、页码错乱，体验极差,负面
每一章都有新的启发，读完感觉思维被打开了,正面
这本书让我对生物学有了全新的认识，观点独到且深刻,正面
这是一本值得放在书架上反复翻阅的好书,正面
作者水平有限，写的全是网上能搜到的入门知识,负面
作者的经验分享非常真诚，读起来很有共鸣,正面
大量抄袭其他著作的内容，原创性几乎为零,负面
对经济学的讲解非常肤浅，还不如看免费网课,负面
内容翔实，论据充分，是一本非常有价值的参考书,正面
作者的文笔流畅，故事情节引人入胜，一口气读完根本停不下来,正面
从第一页就被吸引住了，强烈推荐给所有对金融感兴趣的人,正面
不仅学到了知识，更学会了如何思考，收获远超预期,正面
这本书让我对机器学习有了全新的认识，观点独到且深刻,正面
纸张质量差，印刷模糊，整体做工非常粗糙,负面
内容粗制滥造，感觉作者根本没花心思写,负面
读完感觉被骗了，内容空洞无物，纯粹是赚快钱,负面
大量抄袭其他著作的内容，原创性几乎为零,负面
语言枯燥乏味，像在读教科书，毫无阅读乐趣可言,负面
不仅学到了知识，更学会了如何思考，收获远超预期,正面
语言枯燥乏味，像在读教科书，毫无阅读乐趣可言,负面
每一章都有新的启发，读完感觉思维被打开了,正面
理论脱离实际，说的都是理想情况，根本没法落地,负面
排版精美，插图丰富，阅读体验极佳,正面
这本书让我对设计有了全新的认识，观点独到且深刻,正面
逻辑混乱，前后矛盾，作者自己都没搞清楚在说什么,负面
翻译质量很高，读起来非常顺畅，专业术语处理得当,正面
内容翔实，论据充分，是一本非常有价值的参考书,正面
每一章都有新的启发，读完感觉思维被打开了,正面
每一章都有新的启发，读完感觉思维被打开了,正面
内容翔实，论据充分，是一本非常有价值的参考书,正面
这本书让我对物理学更加困惑了，越看越糊涂,负面
知识体系完整，讲解透彻，是哲学领域的标杆之作,正面
翻译质量极差，语句不通顺，读起来非常吃力,负面
每一章都有新的启发，读完感觉思维被打开了,正面
案例丰富，分析到位，对实际工作很有指导意义,正面
写得太好了，每一页都有金句，值得做大量笔记,正面
书中案例生动有趣，理论联系实际，非常适合入门学习,正面
不仅学到了知识，更学会了如何思考，收获远超预期,正面
内容翔实，论据充分，是一本非常有价值的参考书,正面
翻译质量很高，读起来非常顺畅，专业术语处理得当,正面
深度和广度兼具，既适合新手也适合有一定基础的人,正面
看完后感觉什么都没学到，时间完全浪费了,负面
这本书是我今年读过最失望的一本，强烈不推荐,负面
翻译质量极差，语句不通顺，读起来非常吃力,负面
内容深入浅出，复杂概念讲得通俗易懂,正面
翻译质量很高，读起来非常顺畅，专业术语处理得当,正面
整本书结构清晰，逻辑严密，是经济学领域不可多得的佳作,正面
语言枯燥乏味，像在读教科书，毫无阅读乐趣可言,负面
深度和广度兼具，既适合新手也适合有一定基础的人,正面
这本书让我对金融更加困惑了，越看越糊涂,负面
理论脱离实际，说的都是理想情况，根本没法落地,负面
大量抄袭其他著作的内容，原创性几乎为零,负面
重复内容太多，一本书的内容硬凑成了三百页,负面
读完感觉被骗了，内容空洞无物，纯粹是赚快钱,负面
逻辑混乱，前后矛盾，作者自己都没搞清楚在说什么,负面
这本书内容非常丰富，读完后受益匪浅，强烈推荐给大家,正面
作者水平有限，写的全是网上能搜到的入门知识,负面
结构松散，东拉西扯，完全不知道重点在哪里,负面
这本书内容太浅了，浪费时间，完全不值这个价格,负面
大量抄袭其他著作的内容，原创性几乎为零,负面
内容深入浅出，复杂概念讲得通俗易懂,正面
看完后久久不能平静，这是今年读过最好的书之一,正面
排版精美，插图丰富，阅读体验极佳,正面
纸张质量差，印刷模糊，整体做工非常粗糙,负面
书中所讲的理念改变了我看待世界的方式,正面
纸张质量差，印刷模糊，整体做工非常粗糙,负面
书中案例生动有趣，理论联系实际，非常适合入门学习,正面
看完后久久不能平静，这是今年读过最好的书之一,正面
逻辑混乱，前后矛盾，作者自己都没搞清楚在说什么,负面
翻译质量极差，语句不通顺，读起来非常吃力,负面
深度和广度兼具，既适合新手也适合有一定基础的人,正面
翻译质量极差，语句不通顺，读起来非常吃力,负面
语言枯燥乏味，像在读教科书，毫无阅读乐趣可言,负面
编辑太不负责了，图表模糊、页码错乱，体验极差,负面
重复内容太多，一本书的内容硬凑成了三百页,负面
纸张质量差，印刷模糊，整体做工非常粗糙,负面
翻译质量很高，读起来非常顺畅，专业术语处理得当,正面
书中所说的方法试过了，完全没用，纯属忽悠人,负面
作者对物理学的见解非常深刻，读完豁然开朗,正面
案例丰富，分析到位，对实际工作很有指导意义,正面
翻译质量很高，读起来非常顺畅，专业术语处理得当,正面
这本书内容非常丰富，读完后受益匪浅，强烈推荐给大家,正面
标题党，内容跟标题完全不符，严重名不副实,负面
这本书改变了我的思维方式，值得反复阅读,正面
结构松散，东拉西扯，完全不知道重点在哪里,负面
知识体系完整，讲解透彻，是管理学领域的标杆之作,正面
观点偏激且缺乏论据支撑，读起来让人很不舒服,负面
对设计的讲解非常肤浅，还不如看免费网课,负面
内容翔实，论据充分，是一本非常有价值的参考书,正面
写得太好了，每一页都有金句，值得做大量笔记,正面
排版糟糕，错别字连篇，像是没经过编辑就出版了,负面
这本书内容太浅了，浪费时间，完全不值这个价格,负面
这本书是我今年读过最失望的一本，强烈不推荐,负面
作者水平有限，写的全是网上能搜到的入门知识,负面
编辑太不负责了，图表模糊、页码错乱，体验极差,负面
重复内容太多，一本书的内容硬凑成了三百页,负面
写得太好了，每一页都有金句，值得做大量笔记,正面
这是一本值得放在书架上反复翻阅的好书,正面
整本书充满了错误，不知道怎么通过审核出版的,负面
从第一页就被吸引住了，强烈推荐给所有对心理学感兴趣的人,正面
这是一本值得放在书架上反复翻阅的好书,正面
看完后感觉什么都没学到，时间完全浪费了,负面
这本书内容非常丰富，读完后受益匪浅，强烈推荐给大家,正面
作者水平有限，写的全是网上能搜到的入门知识,负面
排版糟糕，错别字连篇，像是没经过编辑就出版了,负面
排版精美，插图丰富，阅读体验极佳,正面
编辑太不负责了，图表模糊、页码错乱，体验极差,负面
这本书内容非常丰富，读完后受益匪浅，强烈推荐给大家,正面
纸张质量差，印刷模糊，整体做工非常粗糙,负面
排版精美，插图丰富，阅读体验极佳,正面
这本书让我对心理学更加困惑了，越看越糊涂,负面
这本书让我对经济学有了全新的认识，观点独到且深刻,正面
内容翔实，论据充分，是一本非常有价值的参考书,正面
买了之后翻了两页就放下了，实在读不下去,负面
作者的经验分享非常真诚，读起来很有共鸣,正面
书中的方法论非常实用，我已经在实际工作中应用了,正面
书中案例生动有趣，理论联系实际，非常适合入门学习,正面
这本书改变了我的思维方式，值得反复阅读,正面
案例丰富，分析到位，对实际工作很有指导意义,正面
这本书内容非常丰富，读完后受益匪浅，强烈推荐给大家,正面
书中的方法论非常实用，我已经在实际工作中应用了,正面
这本书让我对生物学更加困惑了，越看越糊涂,负面
语言枯燥乏味，像在读教科书，毫无阅读乐趣可言,负面
翻译质量极差，语句不通顺，读起来非常吃力,负面
整本书结构清晰，逻辑严密，是人工智能领域不可多得的佳作,正面
这本书改变了我的思维方式，值得反复阅读,正面
买了之后翻了两页就放下了，实在读不下去,负面
语言枯燥乏味，像在读教科书，毫无阅读乐趣可言,负面
理论脱离实际，说的都是理想情况，根本没法落地,负面
看完后久久不能平静，这是今年读过最好的书之一,正面
语言幽默风趣，枯燥的知识变得生动易懂,正面
读完感觉被骗了，内容空洞无物，纯粹是赚快钱,负面
这本书让我对历史更加困惑了，越看越糊涂,负面
对物理学的讲解非常肤浅，还不如看免费网课,负面
对金融的讲解非常肤浅，还不如看免费网课,负面
知识体系完整，讲解透彻，是生物学领域的标杆之作,正面
这本书是我今年读过最失望的一本，强烈不推荐,负面
对人工智能的讲解非常肤浅，还不如看免费网课,负面
案例丰富，分析到位，对实际工作很有指导意义,正面
语言枯燥乏味，像在读教科书，毫无阅读乐趣可言,负面
全书都是废话，翻了半天没找到任何有价值的内容,负面
这本书内容太浅了，浪费时间，完全不值这个价格,负面
不仅学到了知识，更学会了如何思考，收获远超预期,正面
作者的文笔流畅，故事情节引人入胜，一口气读完根本停不下来,正面
纸张质量差，印刷模糊，整体做工非常粗糙,负面
排版精美，插图丰富，阅读体验极佳,正面
书中的方法论非常实用，我已经在实际工作中应用了,正面
不仅学到了知识，更学会了如何思考，收获远超预期,正面
这本书内容太浅了，浪费时间，完全不值这个价格,负面
语言枯燥乏味，像在读教科书，毫无阅读乐趣可言,负面
重复内容太多，一本书的内容硬凑成了三百页,负面
看完后久久不能平静，这是今年读过最好的书之一,正面
理论脱离实际，说的都是理想情况，根本没法落地,负面
读完感觉被骗了，内容空洞无物，纯粹是赚快钱,负面
理论脱离实际，说的都是理想情况，根本没法落地,负面
这本书内容太浅了，浪费时间，完全不值这个价格,负面
这本书内容非常丰富，读完后受益匪浅，强烈推荐给大家,正面
理论脱离实际，说的都是理想情况，根本没法落地,负面
书中案例生动有趣，理论联系实际，非常适合入门学习,正面
作者的经验分享非常真诚，读起来很有共鸣,正面
整本书结构清晰，逻辑严密，是生物学领域不可多得的佳作,正面
作者的文笔流畅，故事情节引人入胜，一口气读完根本停不下来,正面
作者的经验分享非常真诚，读起来很有共鸣,正面
写得太好了，每一页都有金句，值得做大量笔记,正面
编辑太不负责了，图表模糊、页码错乱，体验极差,负面
排版精美，插图丰富，阅读体验极佳,正面
语言幽默风趣，枯燥的知识变得生动易懂,正面
书中案例生动有趣，理论联系实际，非常适合入门学习,正面
观点偏激且缺乏论据支撑，读起来让人很不舒服,负面
看完后感觉什么都没学到，时间完全浪费了,负面
买了之后翻了两页就放下了，实在读不下去,负面
看完后感觉什么都没学到，时间完全浪费了,负面
编辑太不负责了，图表模糊、页码错乱，体验极差,负面
作者水平有限，写的全是网上能搜到的入门知识,负面
整本书充满了错误，不知道怎么通过审核出版的,负面
内容粗制滥造，感觉作者根本没花心思写,负面
这本书内容太浅了，浪费时间，完全不值这个价格,负面
标题党，内容跟标题完全不符，严重名不副实,负面
全书都是废话，翻了半天没找到任何有价值的内容,负面
大量抄袭其他著作的内容，原创性几乎为零,负面
结构松散，东拉西扯，完全不知道重点在哪里,负面
这本书内容太浅了，浪费时间，完全不值这个价格,负面
买了之后翻了两页就放下了，实在读不下去,负面
全书都是废话，翻了半天没找到任何有价值的内容,负面
写得太好了，每一页都有金句，值得做大量笔记,正面
看完后久久不能平静，这是今年读过最好的书之一,正面
逻辑混乱，前后矛盾，作者自己都没搞清楚在说什么,负面
知识体系完整，讲解透彻，是哲学领域的标杆之作,正面
作者水平有限，写的全是网上能搜到的入门知识,负面
整本书充满了错误，不知道怎么通过审核出版的,负面
这是一本值得放在书架上反复翻阅的好书,正面
看完后久久不能平静，这是今年读过最好的书之一,正面
深度和广度兼具，既适合新手也适合有一定基础的人,正面
这是一本值得放在书架上反复翻阅的好书,正面
深度和广度兼具，既适合新手也适合有一定基础的人,正面
标题党，内容跟标题完全不符，严重名不副实,负面
每一章都有新的启发，读完感觉思维被打开了,正面
内容粗制滥造，感觉作者根本没花心思写,负面
整本书结构清晰，逻辑严密，是金融领域不可多得的佳作,正面
买了之后翻了两页就放下了，实在读不下去,负面
书中的方法论非常实用，我已经在实际工作中应用了,正面
结构松散，东拉西扯，完全不知道重点在哪里,负面
对设计的讲解非常肤浅，还不如看免费网课,负面
看完后感觉什么都没学到，时间完全浪费了,负面
书中所讲的理念改变了我看待世界的方式,正面
观点偏激且缺乏论据支撑，读起来让人很不舒服,负面
这本书帮我解决了很多实际问题，实用性很强,正面
重复内容太多，一本书的内容硬凑成了三百页,负面
内容翔实，论据充分，是一本非常有价值的参考书,正面
逻辑混乱，前后矛盾，作者自己都没搞清楚在说什么,负面
标题党，内容跟标题完全不符，严重名不副实,负面
书中案例生动有趣，理论联系实际，非常适合入门学习,正面
逻辑混乱，前后矛盾，作者自己都没搞清楚在说什么,负面
读完感觉被骗了，内容空洞无物，纯粹是赚快钱,负面
全书都是废话，翻了半天没找到任何有价值的内容,负面
买了之后翻了两页就放下了，实在读不下去,负面
书中所讲的理念改变了我看待世界的方式,正面
案例丰富，分析到位，对实际工作很有指导意义,正面
这本书改变了我的思维方式，值得反复阅读,正面
书中的方法论非常实用，我已经在实际工作中应用了,正面
语言枯燥乏味，像在读教科书，毫无阅读乐趣可言,负面
每一章都有新的启发，读完感觉思维被打开了,正面
内容深入浅出，复杂概念讲得通俗易懂,正面
这本书内容非常丰富，读完后受益匪浅，强烈推荐给大家,正面
这本书改变了我的思维方式，值得反复阅读,正面
重复内容太多，一本书的内容硬凑成了三百页,负面
语言枯燥乏味，像在读教科书，毫无阅读乐趣可言,负面
读完感觉被骗了，内容空洞无物，纯粹是赚快钱,负面
知识体系完整，讲解透彻，是市场营销领域的标杆之作,正面
逻辑混乱，前后矛盾，作者自己都没搞清楚在说什么,负面
不仅学到了知识，更学会了如何思考，收获远超预期,正面
作者水平有限，写的全是网上能搜到的入门知识,负面
这是一本值得放在书架上反复翻阅的好书,正面
纸张质量差，印刷模糊，整体做工非常粗糙,负面
作者水平有限，写的全是网上能搜到的入门知识,负面
纸张质量差，印刷模糊，整体做工非常粗糙,负面
纸张质量差，印刷模糊，整体做工非常粗糙,负面
每一章都有新的启发，读完感觉思维被打开了,正面
翻译质量很高，读起来非常顺畅，专业术语处理得当,正面
这本书改变了我的思维方式，值得反复阅读,正面
内容严重过时，现在看完全没有任何参考价值,负面
这本书帮我解决了很多实际问题，实用性很强,正面
这本书内容太浅了，浪费时间，完全不值这个价格,负面
语言幽默风趣，枯燥的知识变得生动易懂,正面
重复内容太多，一本书的内容硬凑成了三百页,负面
这本书是我今年读过最失望的一本，强烈不推荐,负面
写得太好了，每一页都有金句，值得做大量笔记,正面
排版糟糕，错别字连篇，像是没经过编辑就出版了,负面
深度和广度兼具，既适合新手也适合有一定基础的人,正面
写得太好了，每一页都有金句，值得做大量笔记,正面
这本书改变了我的思维方式，值得反复阅读,正面
案例丰富，分析到位，对实际工作很有指导意义,正面
观点偏激且缺乏论据支撑，读起来让人很不舒服,负面
排版糟糕，错别字连篇，像是没经过编辑就出版了,负面
排版精美，插图丰富，阅读体验极佳,正面
