CustomerID,Gender,PartnerATT,DependentsATT,Landline,InternetService,PaymentMethod,Contract,StreamingTV,StreamingMovies,MonthlyCharges,TotalCharges,TenureMonths,Churn
C00001,Female,Yes,No,Yes,ATT,Electronic,TwoYear,No,No,52.49,3264.64,60,No
C00002,Female,Yes,Yes,Yes,None,Electronic,Month-to-Month,Yes,No,46.91,102.09,2,No
C00003,Male,Yes,No,Yes,ATT,BankTransfer,TwoYear,No,No,93.53,1318.68,14,Yes
C00004,Male,No,Yes,No,None,CreditCard,Month-to-Month,No,No,58.58,2542.81,43,Yes
C00005,Male,No,No,No,ATT,Electronic,Month-to-Month,No,No,100.07,5248.87,52,Yes
C00006,Male,No,Yes,No,ATT,Electronic,TwoYear,No,No,85.21,3346.35,37,No
C00007,Female,No,Yes,No,ATT,MailedCheck,OneYear,Yes,Yes,96.46,2543.02,25,Yes
C00008,Female,No,No,Yes,None,BankTransfer,TwoYear,No,No,23.21,1662.6,71,No
C00009,Male,Yes,No,Yes,ATT,MailedCheck,Month-to-Month,No,No,56.1,2914.76,51,Yes
C00010,Male,No,No,Yes,ATT,BankTransfer,Month-to-Month,Yes,Yes,109.03,2437.24,22,No
C00011,Male,No,No,No,None,BankTransfer,TwoYear,Yes,No,68.18,4325.45,62,No
C00012,Female,No,No,Yes,ATT,BankTransfer,TwoYear,No,Yes,86.87,1818.7,19,No
C00013,Female,No,No,No,ATT,BankTransfer,TwoYear,No,No,84.11,3247.26,37,No
C00014,Female,Yes,No,No,None,BankTransfer,OneYear,No,No,55.92,758.73,12,No
C00015,Female,No,No,Yes,None,MailedCheck,OneYear,Yes,Yes,65.37,1280.82,19,Yes
C00016,Female,Yes,No,No,Other,CreditCard,Month-to-Month,No,No,39.8,1238.03,27,No
C00017,Male,No,No,No,ATT,Electronic,OneYear,Yes,Yes,93.81,2795.25,28,No
C00018,Male,Yes,No,No,ATT,Electronic,TwoYear,No,No,98.24,1744.86,16,No
C00019,Female,Yes,No,No,ATT,Electronic,Month-to-Month,No,No,106.32,4672.54,43,Yes
C00020,Female,No,Yes,Yes,ATT,CreditCard,TwoYear,No,Yes,72.82,3368.14,46,No
C00021,Male,Yes,No,No,ATT,Electronic,Month-to-Month,Yes,No,103.49,7535.56,72,No
C00022,Male,No,No,No,ATT,BankTransfer,Month-to-Month,No,Yes,73.55,3489.51,45,Yes
C00023,Female,Yes,No,Yes,None,CreditCard,TwoYear,No,No,42.54,1367.28,32,No
C00024,Male,Yes,No,Yes,ATT,BankTransfer,TwoYear,Yes,No,79.06,5232.26,65,No
C00025,Male,No,No,Yes,None,CreditCard,Month-to-Month,Yes,No,51.31,613.07,11,No
C00026,Female,Yes,No,Yes,Other,CreditCard,OneYear,Yes,No,76.29,612.25,7,No
C00027,Female,Yes,No,No,ATT,Electronic,TwoYear,No,Yes,66.35,1213.5,18,No
C00028,Female,No,No,Yes,ATT,BankTransfer,OneYear,Yes,No,84.19,4424.6,51,No
C00029,Male,No,No,Yes,None,BankTransfer,Month-to-Month,Yes,Yes,76.93,1052.72,12,No
C00030,Male,No,No,Yes,ATT,MailedCheck,TwoYear,No,Yes,116.7,2188.51,18,No
C00031,Male,No,Yes,Yes,ATT,Electronic,OneYear,No,No,102.88,4533.18,43,Yes
C00032,Female,No,No,No,Other,BankTransfer,Month-to-Month,Yes,Yes,65.16,1509.08,22,No
C00033,Male,Yes,No,Yes,None,CreditCard,OneYear,No,No,61.02,3651.2,59,No
C00034,Male,No,No,No,ATT,BankTransfer,OneYear,No,Yes,99.17,2857.79,27,No
C00035,Female,Yes,Yes,Yes,ATT,Electronic,Month-to-Month,No,No,123.63,5865.13,46,Yes
C00036,Male,No,Yes,Yes,ATT,BankTransfer,OneYear,No,No,98.48,1911.12,18,Yes
C00037,Female,Yes,No,No,ATT,Electronic,Month-to-Month,Yes,No,130.0,5357.42,41,No
C00038,Female,No,No,No,ATT,CreditCard,Month-to-Month,Yes,No,85.88,6002.96,69,No
C00039,Male,Yes,Yes,No,ATT,CreditCard,TwoYear,Yes,No,71.56,4741.51,66,No
C00040,Male,No,No,No,ATT,MailedCheck,TwoYear,No,No,87.23,3416.58,38,No
C00041,Male,No,Yes,Yes,ATT,CreditCard,OneYear,Yes,No,79.42,4315.65,53,No
C00042,Male,No,No,Yes,ATT,MailedCheck,Month-to-Month,Yes,No,77.62,264.3,3,Yes
C00043,Female,No,Yes,Yes,None,BankTransfer,TwoYear,No,No,22.37,1085.86,46,No
C00044,Female,Yes,No,No,Other,CreditCard,Month-to-Month,Yes,No,104.03,7668.09,72,Yes
C00045,Female,Yes,No,No,None,BankTransfer,Month-to-Month,Yes,No,89.14,901.69,8,No
C00046,Male,Yes,No,Yes,ATT,BankTransfer,OneYear,Yes,No,114.35,3551.8,31,No
C00047,Male,No,No,Yes,Other,BankTransfer,Month-to-Month,No,No,104.75,4457.59,42,No
C00048,Female,No,No,Yes,None,CreditCard,OneYear,No,Yes,47.82,1575.28,30,Yes
C00049,Male,Yes,Yes,No,None,CreditCard,Month-to-Month,No,Yes,75.15,983.51,13,No
C00050,Female,Yes,No,No,Other,Electronic,Month-to-Month,No,No,65.62,1157.72,17,No
C00051,Male,No,Yes,No,ATT,Electronic,Month-to-Month,Yes,No,78.9,2448.12,29,No
C00052,Female,Yes,No,No,ATT,Electronic,Month-to-Month,No,No,54.53,1367.87,23,No
C00053,Female,No,No,Yes,ATT,CreditCard,Month-to-Month,No,Yes,105.18,2012.58,18,Yes
C00054,Female,No,Yes,Yes,None,BankTransfer,Month-to-Month,No,No,78.21,4374.02,54,No
C00055,Male,No,No,Yes,None,Electronic,TwoYear,No,No,24.23,1018.63,42,No
C00056,Male,Yes,No,Yes,ATT,MailedCheck,TwoYear,Yes,No,113.86,6341.35,54,No
C00057,Female,Yes,Yes,Yes,ATT,CreditCard,TwoYear,No,Yes,85.02,2433.5,27,No
C00058,Female,No,No,Yes,ATT,BankTransfer,OneYear,No,Yes,89.52,5277.09,58,No
C00059,Male,No,No,Yes,Other,BankTransfer,Month-to-Month,Yes,No,65.56,1496.49,22,No
C00060,Female,No,No,No,None,BankTransfer,Month-to-Month,Yes,Yes,78.12,4901.56,62,No
C00061,Male,Yes,No,Yes,Other,Electronic,TwoYear,Yes,Yes,57.5,2071.95,35,No
C00062,Male,No,No,No,Other,CreditCard,Month-to-Month,No,No,74.44,2176.56,29,Yes
C00063,Female,No,No,Yes,Other,BankTransfer,Month-to-Month,Yes,No,80.85,2895.84,35,Yes
C00064,Female,No,No,Yes,ATT,CreditCard,Month-to-Month,No,Yes,106.78,4461.19,41,Yes
C00065,Female,Yes,No,No,None,BankTransfer,Month-to-Month,No,No,36.59,761.21,20,No
C00066,Male,Yes,No,No,Other,MailedCheck,Month-to-Month,No,Yes,53.43,2417.94,42,No
C00067,Female,No,No,Yes,ATT,BankTransfer,OneYear,Yes,No,109.73,4345.44,39,No
C00068,Female,No,No,No,Other,Electronic,OneYear,Yes,No,90.25,5218.65,57,Yes
C00069,Female,Yes,Yes,No,ATT,CreditCard,TwoYear,No,No,63.27,2365.53,37,No
C00070,Male,No,No,Yes,Other,MailedCheck,Month-to-Month,Yes,Yes,77.68,1638.05,21,No
C00071,Male,Yes,No,Yes,ATT,Electronic,Month-to-Month,Yes,No,127.22,6625.8,51,Yes
C00072,Female,No,No,No,ATT,Electronic,OneYear,No,No,77.74,1471.93,17,No
C00073,Male,Yes,No,Yes,Other,BankTransfer,TwoYear,No,No,75.47,4872.16,62,No
C00074,Female,No,Yes,Yes,ATT,Electronic,Month-to-Month,No,No,66.6,3713.75,55,Yes
C00075,Male,Yes,No,No,ATT,BankTransfer,OneYear,Yes,No,72.95,2019.67,26,No
C00076,Female,No,Yes,Yes,Other,CreditCard,OneYear,No,No,87.56,3472.85,38,No
C00077,Male,No,No,Yes,None,CreditCard,Month-to-Month,No,Yes,95.65,4297.17,44,Yes
C00078,Female,No,No,Yes,ATT,CreditCard,OneYear,Yes,No,85.58,3672.52,42,No
C00079,Female,No,No,No,None,Electronic,TwoYear,No,No,30.74,701.28,19,No
C00080,Female,No,Yes,Yes,Other,CreditCard,OneYear,Yes,Yes,84.74,2885.21,34,No
C00081,Male,Yes,Yes,No,Other,Electronic,TwoYear,No,No,29.21,1112.7,36,No
C00082,Male,Yes,No,Yes,ATT,Electronic,OneYear,No,No,76.68,3982.2,51,No
C00083,Female,No,No,Yes,ATT,Electronic,Month-to-Month,No,Yes,94.51,3676.83,38,Yes
C00084,Male,Yes,No,Yes,None,Electronic,TwoYear,No,No,57.12,3691.21,64,No
C00085,Female,Yes,No,No,ATT,CreditCard,Month-to-Month,No,No,93.13,6632.6,70,No
C00086,Male,No,No,No,Other,MailedCheck,TwoYear,No,No,81.41,5052.36,60,No
C00087,Male,No,No,Yes,ATT,CreditCard,OneYear,Yes,No,125.64,5997.95,47,No
C00088,Male,Yes,Yes,Yes,Other,BankTransfer,Month-to-Month,No,No,71.24,164.6,2,No
C00089,Female,No,No,No,None,Electronic,Month-to-Month,Yes,No,82.76,333.81,4,Yes
C00090,Male,No,Yes,No,None,MailedCheck,Month-to-Month,No,No,79.89,5612.07,70,No
C00091,Male,No,No,No,None,CreditCard,Month-to-Month,No,Yes,92.27,3748.11,40,Yes
C00092,Female,No,Yes,No,ATT,CreditCard,TwoYear,Yes,No,76.41,2005.29,25,No
C00093,Female,Yes,Yes,Yes,Other,Electronic,TwoYear,No,No,64.58,4342.21,66,No
C00094,Male,Yes,No,No,ATT,CreditCard,OneYear,No,No,96.49,4635.13,48,Yes
C00095,Male,Yes,Yes,Yes,ATT,BankTransfer,OneYear,No,Yes,69.51,3601.17,50,No
C00096,Female,Yes,Yes,Yes,ATT,Electronic,OneYear,No,Yes,124.27,7041.52,56,No
C00097,Female,No,No,Yes,Other,BankTransfer,Month-to-Month,No,No,47.85,113.6,1,Yes
C00098,Female,Yes,No,Yes,ATT,CreditCard,Month-to-Month,Yes,No,130.0,4953.09,38,No
C00099,Female,No,Yes,Yes,ATT,MailedCheck,TwoYear,Yes,No,110.19,4030.89,36,Yes
C00100,Male,No,Yes,Yes,Other,CreditCard,TwoYear,No,No,79.95,4061.15,50,No
C00101,Female,No,No,Yes,ATT,CreditCard,Month-to-Month,Yes,Yes,130.0,1667.44,12,Yes
C00102,Female,No,No,No,ATT,Electronic,Month-to-Month,No,No,70.56,2780.46,39,No
C00103,Female,No,No,Yes,None,Electronic,Month-to-Month,Yes,Yes,74.42,2786.41,35,No
C00104,Female,No,No,No,ATT,CreditCard,TwoYear,No,No,74.76,4027.94,52,No
C00105,Female,No,No,Yes,ATT,Electronic,OneYear,Yes,No,100.5,5029.37,49,No
C00106,Male,No,No,No,ATT,CreditCard,OneYear,No,No,97.27,724.54,6,Yes
C00107,Female,Yes,No,Yes,ATT,MailedCheck,TwoYear,No,No,100.02,4484.96,43,No
C00108,Male,No,No,No,ATT,BankTransfer,OneYear,Yes,No,66.15,1709.6,23,No
C00109,Female,No,No,Yes,ATT,CreditCard,Month-to-Month,No,No,76.15,1337.25,15,Yes
C00110,Male,No,No,No,None,BankTransfer,OneYear,No,Yes,65.54,1668.24,25,No
C00111,Male,No,No,No,ATT,MailedCheck,TwoYear,No,No,50.51,1343.01,23,No
C00112,Female,Yes,No,Yes,ATT,Electronic,OneYear,No,No,97.12,2913.93,28,No
C00113,Female,No,No,Yes,Other,CreditCard,TwoYear,Yes,No,70.6,4963.36,70,No
C00114,Male,Yes,No,Yes,ATT,Electronic,Month-to-Month,No,No,116.52,4127.76,34,No
C00115,Female,No,No,No,Other,BankTransfer,Month-to-Month,Yes,No,83.06,2692.58,31,No
C00116,Female,Yes,No,Yes,Other,MailedCheck,OneYear,No,No,42.14,1961.33,46,No
C00117,Male,No,Yes,No,None,Electronic,Month-to-Month,Yes,Yes,81.74,4054.34,48,No
C00118,Male,Yes,Yes,No,ATT,BankTransfer,Month-to-Month,Yes,No,97.32,5453.44,56,Yes
C00119,Male,No,No,Yes,Other,Electronic,Month-to-Month,No,No,42.75,2519.37,57,No
C00120,Male,Yes,No,Yes,ATT,Electronic,Month-to-Month,No,No,116.22,1194.93,9,Yes
C00121,Female,Yes,No,No,ATT,Electronic,OneYear,No,Yes,109.95,5279.53,48,Yes
C00122,Female,Yes,Yes,No,ATT,BankTransfer,OneYear,No,No,96.75,2268.99,23,No
C00123,Female,Yes,No,No,ATT,Electronic,Month-to-Month,Yes,No,109.6,7787.76,70,No
C00124,Female,No,No,Yes,ATT,CreditCard,Month-to-Month,No,Yes,130.0,2178.34,16,Yes
C00125,Female,No,No,Yes,None,CreditCard,Month-to-Month,Yes,No,97.37,2718.09,26,Yes
C00126,Male,No,No,Yes,ATT,CreditCard,OneYear,Yes,Yes,130.0,4291.74,32,No
C00127,Male,No,No,No,Other,BankTransfer,Month-to-Month,Yes,No,87.23,4274.63,49,No
C00128,Female,No,Yes,No,Other,Electronic,OneYear,Yes,No,79.46,1420.05,17,No
C00129,Male,No,No,No,ATT,CreditCard,Month-to-Month,Yes,Yes,91.29,1183.63,11,No
C00130,Male,Yes,No,Yes,ATT,CreditCard,OneYear,No,No,99.29,1433.85,14,No
C00131,Male,Yes,No,No,None,MailedCheck,TwoYear,No,Yes,54.37,3881.11,70,No
C00132,Female,Yes,Yes,Yes,Other,MailedCheck,OneYear,Yes,Yes,63.81,3575.41,55,No
C00133,Male,Yes,No,No,ATT,MailedCheck,Month-to-Month,Yes,No,95.18,3455.42,36,No
C00134,Male,Yes,No,No,ATT,Electronic,TwoYear,Yes,Yes,52.43,3303.69,63,No
C00135,Male,No,No,Yes,ATT,CreditCard,Month-to-Month,Yes,Yes,84.94,6179.13,71,No
C00136,Female,No,No,Yes,Other,Electronic,Month-to-Month,No,No,88.88,3069.61,33,No
C00137,Female,Yes,No,Yes,ATT,BankTransfer,Month-to-Month,No,No,110.28,5047.13,45,No
C00138,Male,No,No,Yes,Other,Electronic,Month-to-Month,No,Yes,106.84,2488.04,23,No
C00139,Female,Yes,No,Yes,Other,MailedCheck,Month-to-Month,No,No,104.58,2334.25,22,No
C00140,Male,Yes,No,Yes,ATT,MailedCheck,Month-to-Month,Yes,No,79.41,4352.61,54,Yes
C00141,Female,No,No,Yes,None,BankTransfer,Month-to-Month,No,No,61.33,3386.96,54,No
C00142,Male,Yes,Yes,Yes,ATT,BankTransfer,Month-to-Month,No,No,75.31,2133.5,26,No
C00143,Female,No,No,Yes,ATT,BankTransfer,OneYear,No,Yes,121.0,1127.21,8,No
C00144,Male,No,No,Yes,None,Electronic,OneYear,No,No,85.55,3367.2,38,Yes
C00145,Female,No,No,Yes,ATT,Electronic,Month-to-Month,No,Yes,88.66,2789.33,31,No
C00146,Female,Yes,No,No,Other,MailedCheck,OneYear,No,Yes,66.95,1126.88,14,No
C00147,Male,No,No,Yes,Other,CreditCard,TwoYear,Yes,No,70.72,3781.44,52,No
C00148,Male,Yes,No,Yes,ATT,CreditCard,OneYear,No,Yes,86.44,2184.42,25,Yes
C00149,Female,Yes,No,Yes,None,BankTransfer,Month-to-Month,Yes,No,94.39,3992.8,42,Yes
C00150,Male,Yes,Yes,No,ATT,Electronic,Month-to-Month,No,No,101.48,2106.03,20,Yes
C00151,Male,Yes,No,No,ATT,CreditCard,TwoYear,Yes,No,123.46,3398.49,27,Yes
C00152,Female,No,No,Yes,Other,CreditCard,OneYear,Yes,No,84.25,4840.38,57,No
C00153,Male,No,No,Yes,ATT,MailedCheck,Month-to-Month,No,Yes,110.25,3184.09,28,Yes
C00154,Female,Yes,Yes,No,None,MailedCheck,Month-to-Month,No,No,70.77,3662.55,50,No
C00155,Male,No,No,Yes,ATT,CreditCard,OneYear,No,No,72.02,4115.57,56,No
C00156,Male,Yes,No,Yes,Other,BankTransfer,TwoYear,Yes,Yes,67.43,4372.93,64,No
C00157,Male,No,No,Yes,Other,BankTransfer,TwoYear,No,No,64.63,3897.16,59,No
C00158,Male,No,No,No,ATT,BankTransfer,Month-to-Month,No,No,70.53,3827.63,54,No
C00159,Female,No,No,Yes,ATT,MailedCheck,OneYear,No,Yes,96.37,2708.39,27,No
C00160,Male,No,No,No,ATT,MailedCheck,TwoYear,No,Yes,77.14,1560.95,18,No
C00161,Male,No,No,Yes,Other,MailedCheck,Month-to-Month,No,No,92.76,1987.21,21,No
C00162,Female,Yes,Yes,Yes,ATT,BankTransfer,Month-to-Month,Yes,No,127.57,7584.6,58,No
C00163,Male,No,Yes,Yes,Other,Electronic,TwoYear,No,Yes,66.39,2808.76,40,No
C00164,Female,No,No,No,ATT,MailedCheck,Month-to-Month,No,No,87.14,2814.11,31,No
C00165,Female,No,No,Yes,ATT,BankTransfer,Month-to-Month,No,No,125.61,1244.78,9,Yes
C00166,Female,No,No,Yes,ATT,BankTransfer,TwoYear,No,No,113.45,5977.41,52,No
C00167,Female,No,No,Yes,ATT,Electronic,OneYear,No,No,48.61,1287.4,26,No
C00168,Female,No,Yes,Yes,None,BankTransfer,Month-to-Month,No,No,45.21,478.47,7,No
C00169,Female,Yes,Yes,No,Other,Electronic,Month-to-Month,No,No,72.66,1174.13,14,Yes
C00170,Male,Yes,No,Yes,ATT,CreditCard,TwoYear,Yes,No,106.32,6379.76,60,No
C00171,Male,No,No,Yes,ATT,MailedCheck,Month-to-Month,No,Yes,130.0,8885.51,67,Yes
C00172,Male,Yes,No,No,ATT,Electronic,Month-to-Month,Yes,Yes,116.09,6914.61,59,No
C00173,Female,Yes,No,Yes,ATT,CreditCard,Month-to-Month,No,No,121.11,8039.19,65,No
C00174,Female,No,No,Yes,None,CreditCard,OneYear,Yes,No,81.13,3312.34,40,No
C00175,Male,Yes,No,Yes,ATT,Electronic,Month-to-Month,Yes,No,116.72,3160.75,27,Yes
C00176,Female,No,No,Yes,None,MailedCheck,TwoYear,Yes,No,35.43,2165.49,58,No
C00177,Female,Yes,No,Yes,ATT,MailedCheck,OneYear,No,No,88.62,4590.08,51,No
C00178,Female,No,No,Yes,Other,Electronic,Month-to-Month,Yes,No,107.21,2002.77,17,No
C00179,Female,No,Yes,Yes,ATT,BankTransfer,TwoYear,Yes,No,116.26,4605.04,39,No
C00180,Female,No,No,Yes,ATT,BankTransfer,Month-to-Month,No,No,93.75,2060.65,21,No
C00181,Female,Yes,No,No,None,BankTransfer,Month-to-Month,No,Yes,42.38,3098.64,70,Yes
C00182,Female,No,No,Yes,ATT,Electronic,Month-to-Month,Yes,Yes,125.84,4010.24,31,Yes
C00183,Male,Yes,No,No,ATT,BankTransfer,Month-to-Month,No,Yes,83.42,4962.88,59,Yes
C00184,Female,No,No,No,ATT,Electronic,Month-to-Month,Yes,Yes,93.83,1264.17,12,No
C00185,Female,No,No,Yes,Other,Electronic,Month-to-Month,No,No,70.2,241.18,1,Yes
C00186,Male,No,No,Yes,ATT,BankTransfer,TwoYear,No,No,78.91,2390.79,29,No
C00187,Male,No,No,Yes,None,Electronic,OneYear,No,No,83.11,763.26,7,Yes
C00188,Male,Yes,No,No,ATT,Electronic,Month-to-Month,No,No,85.72,2490.6,27,No
C00189,Male,No,No,No,Other,BankTransfer,OneYear,Yes,No,51.03,1733.24,33,Yes
C00190,Female,No,No,Yes,ATT,Electronic,Month-to-Month,Yes,No,112.11,7515.51,67,No
C00191,Female,No,No,Yes,Other,CreditCard,OneYear,No,No,99.99,2934.08,28,Yes
C00192,Female,No,Yes,No,None,Electronic,TwoYear,No,No,18.0,537.9,24,No
C00193,Male,No,No,Yes,ATT,BankTransfer,TwoYear,Yes,No,130.0,8119.47,62,No
C00194,Female,No,No,No,ATT,CreditCard,OneYear,Yes,Yes,111.66,4207.83,37,No
C00195,Female,No,No,Yes,ATT,Electronic,TwoYear,No,No,73.44,1111.46,14,No
C00196,Female,Yes,No,No,None,CreditCard,Month-to-Month,Yes,No,79.43,3377.25,41,Yes
C00197,Male,Yes,No,No,None,BankTransfer,OneYear,No,Yes,77.44,3432.17,42,No
C00198,Male,Yes,Yes,Yes,ATT,Electronic,OneYear,Yes,No,65.48,2891.68,44,No
C00199,Male,No,No,Yes,None,BankTransfer,Month-to-Month,No,Yes,65.39,2886.05,44,No
C00200,Female,No,No,No,Other,CreditCard,OneYear,Yes,Yes,45.56,2445.42,50,No
C00201,Male,No,No,Yes,Other,MailedCheck,Month-to-Month,No,No,60.84,2565.31,39,No
C00202,Female,Yes,Yes,No,ATT,BankTransfer,Month-to-Month,Yes,No,92.68,1092.94,11,No
C00203,Male,No,No,Yes,ATT,BankTransfer,Month-to-Month,No,Yes,117.15,4234.41,36,No
C00204,Male,Yes,No,Yes,Other,CreditCard,TwoYear,No,No,46.95,2887.95,59,No
C00205,Female,Yes,No,Yes,ATT,CreditCard,TwoYear,No,No,91.37,2084.24,22,No
C00206,Female,No,Yes,Yes,ATT,CreditCard,OneYear,Yes,No,67.95,1531.26,22,No
C00207,Female,No,No,No,ATT,BankTransfer,Month-to-Month,No,No,120.9,3420.6,28,Yes
C00208,Male,No,No,Yes,ATT,Electronic,Month-to-Month,Yes,Yes,113.24,4197.7,37,No
C00209,Male,No,No,No,ATT,CreditCard,TwoYear,No,No,52.47,2384.24,42,No
C00210,Male,Yes,Yes,No,ATT,CreditCard,Month-to-Month,No,Yes,127.31,2316.09,18,No
C00211,Male,No,Yes,No,Other,BankTransfer,Month-to-Month,Yes,Yes,87.49,2348.21,26,Yes
C00212,Female,Yes,No,Yes,ATT,BankTransfer,Month-to-Month,No,No,114.62,8141.38,70,No
C00213,Female,Yes,No,No,None,BankTransfer,OneYear,No,No,65.18,2486.2,37,No
C00214,Male,Yes,No,Yes,None,BankTransfer,TwoYear,Yes,No,36.08,1598.72,43,No
C00215,Female,No,No,Yes,Other,BankTransfer,Month-to-Month,Yes,No,121.98,2788.85,22,Yes
C00216,Female,No,No,Yes,ATT,Electronic,Month-to-Month,No,Yes,124.68,1404.65,10,Yes
C00217,Female,Yes,No,Yes,None,BankTransfer,OneYear,Yes,No,56.82,1098.74,17,No
C00218,Female,Yes,No,No,None,CreditCard,Month-to-Month,No,No,42.99,423.58,9,Yes
C00219,Female,No,No,Yes,ATT,MailedCheck,Month-to-Month,Yes,Yes,130.0,4643.2,35,No
C00220,Male,No,No,No,ATT,CreditCard,TwoYear,Yes,Yes,73.83,4180.02,54,No
C00221,Male,Yes,No,Yes,ATT,CreditCard,OneYear,No,No,93.69,3707.14,38,No
C00222,Female,No,Yes,No,ATT,CreditCard,TwoYear,Yes,No,73.19,4688.71,62,No
C00223,Female,Yes,No,No,ATT,CreditCard,OneYear,No,No,60.72,1345.66,22,No
C00224,Male,Yes,Yes,No,ATT,MailedCheck,Month-to-Month,No,No,96.09,6103.65,62,No
C00225,Male,No,No,Yes,ATT,Electronic,Month-to-Month,No,No,119.69,8787.3,72,Yes
C00226,Female,No,No,No,ATT,Electronic,OneYear,No,No,61.68,606.15,8,No
C00227,Male,Yes,No,Yes,ATT,CreditCard,Month-to-Month,No,No,74.99,2519.4,33,No
C00228,Male,No,No,Yes,ATT,CreditCard,Month-to-Month,No,No,108.21,2387.43,21,No
C00229,Male,Yes,No,Yes,ATT,BankTransfer,Month-to-Month,No,No,91.39,1568.59,16,Yes
C00230,Male,No,Yes,No,ATT,MailedCheck,Month-to-Month,No,Yes,100.76,272.66,1,Yes
C00231,Female,No,No,Yes,ATT,BankTransfer,Month-to-Month,No,No,91.19,5921.44,64,No
C00232,Female,No,No,Yes,ATT,Electronic,Month-to-Month,No,No,94.94,4455.45,45,No
C00233,Male,Yes,Yes,No,Other,Electronic,OneYear,No,Yes,78.01,2916.8,35,No
C00234,Male,No,Yes,Yes,None,BankTransfer,Month-to-Month,Yes,No,103.72,1880.86,17,Yes
C00235,Female,Yes,No,Yes,ATT,CreditCard,TwoYear,Yes,No,110.58,2895.46,26,No
C00236,Male,Yes,Yes,No,ATT,Electronic,TwoYear,No,No,35.31,1800.58,46,No
C00237,Female,No,No,Yes,ATT,BankTransfer,TwoYear,Yes,No,122.89,7572.0,60,No
C00238,Male,Yes,Yes,No,ATT,MailedCheck,OneYear,Yes,Yes,77.45,3227.76,40,No
C00239,Male,No,Yes,Yes,ATT,CreditCard,Month-to-Month,Yes,No,101.79,3437.0,32,Yes
C00240,Female,No,No,No,Other,CreditCard,TwoYear,Yes,No,37.95,2167.34,55,No
C00241,Female,No,No,Yes,ATT,BankTransfer,OneYear,No,No,70.17,2928.11,39,No
C00242,Male,No,No,No,ATT,BankTransfer,Month-to-Month,Yes,No,116.68,6340.94,54,Yes
C00243,Male,Yes,No,Yes,ATT,CreditCard,OneYear,No,No,62.71,2592.24,40,No
C00244,Male,Yes,Yes,No,ATT,BankTransfer,OneYear,Yes,Yes,106.48,4406.09,40,No
C00245,Female,No,No,No,Other,Electronic,OneYear,Yes,No,102.25,3098.07,29,No
C00246,Female,No,No,Yes,Other,Electronic,OneYear,No,No,69.94,988.01,14,No
C00247,Female,No,No,Yes,ATT,BankTransfer,TwoYear,Yes,No,97.22,6169.13,62,No
C00248,Female,No,Yes,Yes,None,CreditCard,TwoYear,No,No,27.4,1292.37,46,No
C00249,Female,No,No,Yes,ATT,MailedCheck,Month-to-Month,No,Yes,96.14,5481.05,55,No
C00250,Male,No,No,Yes,ATT,Electronic,OneYear,No,No,89.14,724.25,6,No
C00251,Male,No,No,Yes,ATT,Electronic,Month-to-Month,No,No,81.37,2005.54,23,Yes
C00252,Male,No,Yes,No,ATT,CreditCard,Month-to-Month,Yes,No,130.0,2733.07,20,Yes
C00253,Female,Yes,No,No,ATT,MailedCheck,OneYear,Yes,Yes,115.11,3752.88,32,Yes
C00254,Male,Yes,No,Yes,ATT,CreditCard,OneYear,No,No,116.9,3218.12,26,Yes
C00255,Male,No,No,Yes,Other,CreditCard,TwoYear,No,Yes,77.4,3670.81,46,No
C00256,Male,No,Yes,Yes,None,BankTransfer,Month-to-Month,Yes,No,63.09,3916.51,60,Yes
C00257,Male,Yes,No,Yes,ATT,BankTransfer,TwoYear,No,No,94.76,3892.64,40,No
C00258,Female,Yes,No,Yes,ATT,MailedCheck,OneYear,No,No,78.3,2070.52,25,No
C00259,Male,No,No,No,ATT,BankTransfer,Month-to-Month,No,No,95.7,4007.29,40,No
C00260,Female,No,Yes,Yes,ATT,Electronic,Month-to-Month,Yes,Yes,130.0,5354.72,41,Yes
C00261,Male,No,No,No,ATT,CreditCard,Month-to-Month,Yes,No,102.98,3182.85,30,No
C00262,Female,Yes,Yes,No,ATT,CreditCard,Month-to-Month,No,No,88.34,2790.97,30,No
C00263,Male,Yes,Yes,Yes,ATT,MailedCheck,OneYear,No,No,111.3,3082.51,27,No
C00264,Male,No,No,Yes,None,Electronic,OneYear,No,No,29.94,665.52,22,Yes
C00265,Male,Yes,No,Yes,ATT,Electronic,TwoYear,No,No,77.73,3106.25,38,No
C00266,Male,Yes,No,Yes,ATT,BankTransfer,Month-to-Month,No,No,84.84,5022.03,57,Yes
C00267,Female,No,Yes,Yes,None,CreditCard,Month-to-Month,No,Yes,65.76,1144.27,16,Yes
C00268,Male,No,No,Yes,Other,BankTransfer,OneYear,No,Yes,87.59,1178.07,12,Yes
C00269,Female,Yes,Yes,Yes,ATT,Electronic,TwoYear,Yes,No,120.46,6390.41,53,No
C00270,Male,Yes,No,No,None,BankTransfer,OneYear,Yes,Yes,86.44,3953.12,44,No
C00271,Male,Yes,Yes,Yes,None,CreditCard,Month-to-Month,Yes,No,75.94,261.64,1,Yes
C00272,Male,Yes,No,Yes,ATT,CreditCard,Month-to-Month,No,Yes,124.97,6064.12,48,Yes
C00273,Female,No,No,No,None,Electronic,OneYear,Yes,No,73.12,1651.88,20,No
C00274,Male,Yes,No,No,None,MailedCheck,Month-to-Month,Yes,No,35.52,2406.81,65,No
C00275,Male,No,No,No,ATT,BankTransfer,OneYear,Yes,No,124.95,6291.68,50,Yes
C00276,Male,No,Yes,Yes,Other,CreditCard,Month-to-Month,No,No,62.08,4428.47,71,No
C00277,Male,No,No,Yes,ATT,CreditCard,Month-to-Month,Yes,Yes,130.0,407.42,2,Yes
C00278,Male,Yes,No,Yes,None,MailedCheck,Month-to-Month,Yes,No,103.82,3248.4,30,No
C00279,Male,Yes,Yes,No,None,BankTransfer,Month-to-Month,No,Yes,44.6,2962.41,66,No
C00280,Female,Yes,No,No,ATT,Electronic,OneYear,No,Yes,96.54,817.06,7,Yes
C00281,Male,Yes,No,No,ATT,CreditCard,Month-to-Month,Yes,Yes,85.78,1553.95,16,No
C00282,Male,No,No,Yes,ATT,MailedCheck,TwoYear,Yes,No,85.17,4394.76,50,No
C00283,Male,Yes,Yes,Yes,ATT,BankTransfer,Month-to-Month,Yes,Yes,105.13,2063.56,18,No
C00284,Male,Yes,No,Yes,Other,BankTransfer,OneYear,Yes,No,91.27,2904.39,30,No
C00285,Female,Yes,No,Yes,None,Electronic,Month-to-Month,No,Yes,64.45,1517.17,21,No
C00286,Male,Yes,No,Yes,Other,Electronic,Month-to-Month,No,Yes,119.23,5559.48,45,Yes
C00287,Female,No,No,Yes,Other,BankTransfer,TwoYear,No,No,73.59,1374.17,16,No
C00288,Male,Yes,Yes,No,ATT,CreditCard,Month-to-Month,Yes,Yes,78.1,789.42,10,No
C00289,Female,No,No,No,ATT,CreditCard,TwoYear,No,No,81.53,5233.78,64,No
C00290,Female,No,No,No,ATT,CreditCard,Month-to-Month,No,Yes,130.0,1617.92,12,Yes
C00291,Male,Yes,No,No,None,CreditCard,Month-to-Month,No,No,42.04,2093.8,49,Yes
C00292,Male,Yes,No,Yes,ATT,BankTransfer,OneYear,Yes,No,84.0,2404.2,28,No
C00293,Male,Yes,No,No,ATT,Electronic,Month-to-Month,No,No,54.09,445.19,6,Yes
C00294,Male,Yes,No,No,Other,Electronic,Month-to-Month,Yes,No,58.14,2708.16,46,No
C00295,Female,Yes,Yes,No,Other,MailedCheck,TwoYear,No,Yes,78.95,2843.16,35,No
C00296,Female,No,No,Yes,None,BankTransfer,Month-to-Month,No,No,83.25,2513.19,30,No
C00297,Male,No,No,Yes,Other,BankTransfer,Month-to-Month,No,No,63.09,2004.49,31,No
C00298,Female,No,No,Yes,ATT,BankTransfer,Month-to-Month,Yes,No,90.08,4535.52,49,No
C00299,Female,Yes,No,Yes,ATT,BankTransfer,Month-to-Month,Yes,No,89.2,5177.31,58,Yes
C00300,Female,No,No,No,Other,BankTransfer,TwoYear,Yes,No,101.19,3744.3,37,Yes
C00301,Male,No,Yes,Yes,None,Electronic,Month-to-Month,Yes,No,99.29,5575.56,55,Yes
C00302,Male,No,No,No,None,MailedCheck,Month-to-Month,No,Yes,53.1,2823.99,53,Yes
C00303,Male,No,Yes,Yes,ATT,BankTransfer,Month-to-Month,Yes,No,115.71,3863.62,33,Yes
C00304,Male,Yes,No,No,Other,BankTransfer,TwoYear,Yes,No,74.96,2485.0,33,No
C00305,Female,No,No,No,ATT,Electronic,OneYear,No,No,56.92,1919.97,32,No
C00306,Male,No,No,Yes,Other,BankTransfer,Month-to-Month,No,Yes,120.22,2669.92,21,Yes
C00307,Male,Yes,No,Yes,None,CreditCard,TwoYear,No,Yes,33.75,713.45,21,No
C00308,Female,No,No,Yes,None,CreditCard,Month-to-Month,No,No,91.13,2592.74,28,No
C00309,Male,No,No,No,Other,Electronic,Month-to-Month,No,No,78.45,5698.73,72,No
C00310,Male,No,Yes,No,ATT,CreditCard,Month-to-Month,No,No,65.61,1012.26,13,No
C00311,Female,No,Yes,Yes,ATT,Electronic,TwoYear,No,No,59.52,3790.36,62,No
C00312,Female,No,No,Yes,Other,MailedCheck,Month-to-Month,Yes,No,91.95,5149.84,54,Yes
C00313,Male,Yes,No,No,Other,BankTransfer,Month-to-Month,Yes,No,110.32,6998.5,62,Yes
C00314,Male,Yes,No,Yes,ATT,MailedCheck,Month-to-Month,No,No,65.79,1472.28,20,No
C00315,Male,No,Yes,Yes,ATT,MailedCheck,Month-to-Month,Yes,No,130.0,550.89,3,Yes
C00316,Male,Yes,No,No,None,BankTransfer,Month-to-Month,No,No,63.83,3634.26,55,No
C00317,Male,Yes,No,No,ATT,BankTransfer,Month-to-Month,No,Yes,106.75,4944.53,46,No
C00318,Female,No,Yes,No,ATT,MailedCheck,Month-to-Month,No,Yes,89.57,2707.97,30,No
C00319,Male,Yes,No,Yes,Other,BankTransfer,TwoYear,No,No,51.09,3228.63,63,No
C00320,Female,No,No,No,ATT,CreditCard,OneYear,No,Yes,59.41,1017.44,14,No
C00321,Male,Yes,Yes,Yes,None,Electronic,Month-to-Month,No,Yes,85.99,3890.75,44,Yes
C00322,Male,Yes,No,Yes,ATT,BankTransfer,Month-to-Month,Yes,Yes,100.1,4482.32,44,No
C00323,Male,Yes,No,Yes,ATT,BankTransfer,OneYear,No,Yes,88.99,2219.7,23,No
C00324,Female,Yes,Yes,No,None,CreditCard,Month-to-Month,Yes,No,33.31,581.58,15,No
C00325,Female,Yes,No,No,ATT,Electronic,OneYear,Yes,No,73.93,3181.42,43,No
C00326,Female,Yes,No,No,ATT,Electronic,OneYear,No,Yes,106.5,3048.04,27,No
C00327,Male,Yes,No,No,ATT,CreditCard,TwoYear,No,No,64.06,4170.7,65,No
C00328,Male,Yes,No,Yes,ATT,BankTransfer,Month-to-Month,Yes,No,94.31,6608.36,68,No
C00329,Male,No,Yes,Yes,ATT,CreditCard,Month-to-Month,No,No,89.23,6233.92,68,No
C00330,Female,Yes,Yes,Yes,ATT,Electronic,Month-to-Month,Yes,No,78.28,783.96,8,No
C00331,Female,No,No,Yes,ATT,BankTransfer,Month-to-Month,No,No,86.25,1424.28,16,Yes
C00332,Male,Yes,Yes,Yes,ATT,BankTransfer,Month-to-Month,No,No,81.87,325.35,2,Yes
C00333,Female,No,Yes,No,Other,CreditCard,TwoYear,No,No,70.03,4563.23,65,No
C00334,Male,Yes,No,Yes,Other,CreditCard,TwoYear,No,No,37.21,2609.93,66,No
C00335,Male,Yes,Yes,Yes,None,CreditCard,Month-to-Month,No,Yes,63.88,4264.97,65,No
C00336,Male,Yes,No,No,Other,BankTransfer,Month-to-Month,No,No,71.54,902.49,10,No
C00337,Male,Yes,No,Yes,ATT,Electronic,Month-to-Month,Yes,Yes,104.56,2055.4,19,No
C00338,Male,Yes,No,Yes,ATT,BankTransfer,OneYear,No,Yes,117.78,3829.38,31,Yes
C00339,Male,No,Yes,Yes,ATT,BankTransfer,OneYear,Yes,No,106.2,3386.25,31,No
C00340,Female,Yes,Yes,No,None,Electronic,OneYear,Yes,No,58.92,3316.8,54,No
C00341,Female,Yes,Yes,No,None,CreditCard,OneYear,Yes,No,30.79,308.61,8,No
C00342,Male,No,Yes,No,Other,BankTransfer,Month-to-Month,Yes,No,100.35,1842.5,17,Yes
C00343,Female,No,No,Yes,ATT,MailedCheck,Month-to-Month,Yes,No,130.0,7180.64,54,Yes
C00344,Male,Yes,Yes,Yes,ATT,BankTransfer,OneYear,Yes,No,130.0,3327.1,25,No
C00345,Male,Yes,No,Yes,None,MailedCheck,TwoYear,Yes,No,52.76,907.78,16,No
C00346,Female,Yes,Yes,No,Other,Electronic,OneYear,No,Yes,57.69,2756.8,46,No
C00347,Male,No,No,Yes,Other,BankTransfer,Month-to-Month,Yes,No,94.86,5531.23,58,Yes
C00348,Male,Yes,No,Yes,ATT,CreditCard,Month-to-Month,No,No,123.59,5585.14,45,No
C00349,Male,Yes,No,Yes,ATT,BankTransfer,TwoYear,No,No,75.01,4110.83,54,No
C00350,Male,No,No,Yes,None,CreditCard,Month-to-Month,No,No,77.07,577.4,6,Yes
C00351,Male,No,No,No,ATT,Electronic,Month-to-Month,No,No,116.73,203.57,1,Yes
C00352,Female,No,No,Yes,None,BankTransfer,TwoYear,Yes,No,43.32,1872.58,43,No
C00353,Male,Yes,No,Yes,None,CreditCard,Month-to-Month,Yes,No,96.8,5490.25,55,No
C00354,Female,Yes,No,No,None,BankTransfer,Month-to-Month,No,Yes,64.7,4124.94,61,No
C00355,Male,Yes,No,Yes,Other,BankTransfer,Month-to-Month,No,Yes,84.32,1459.91,16,Yes
C00356,Male,Yes,No,No,None,MailedCheck,Month-to-Month,No,Yes,87.16,6294.85,72,Yes
C00357,Female,Yes,No,Yes,ATT,BankTransfer,Month-to-Month,No,Yes,120.77,2931.25,23,No
C00358,Female,Yes,No,Yes,ATT,BankTransfer,TwoYear,No,Yes,112.14,5781.51,50,No
C00359,Male,Yes,No,Yes,Other,CreditCard,TwoYear,Yes,No,70.07,2366.65,32,No
C00360,Male,No,No,Yes,Other,Electronic,OneYear,No,No,47.11,2506.76,50,No
C00361,Female,No,No,Yes,None,CreditCard,Month-to-Month,Yes,No,93.76,6454.4,67,Yes
C00362,Female,Yes,No,Yes,ATT,BankTransfer,Month-to-Month,No,Yes,81.91,5167.87,62,No
C00363,Female,Yes,No,Yes,ATT,Electronic,Month-to-Month,Yes,No,93.6,5629.08,59,No
C00364,Male,No,No,Yes,None,BankTransfer,TwoYear,Yes,No,53.66,2961.29,54,No
C00365,Male,Yes,Yes,No,ATT,MailedCheck,OneYear,Yes,No,114.07,3656.89,31,No
C00366,Male,Yes,No,Yes,ATT,Electronic,OneYear,Yes,No,99.01,2062.31,19,No
C00367,Female,No,No,Yes,ATT,BankTransfer,TwoYear,No,No,65.94,4262.21,62,No
C00368,Male,Yes,No,Yes,Other,MailedCheck,OneYear,Yes,No,94.09,2290.41,24,No
C00369,Female,Yes,No,Yes,Other,CreditCard,Month-to-Month,No,Yes,115.43,7547.22,65,Yes
C00370,Male,Yes,No,Yes,ATT,Electronic,Month-to-Month,Yes,Yes,130.0,6181.33,47,Yes
C00371,Male,Yes,Yes,Yes,ATT,BankTransfer,Month-to-Month,No,Yes,97.53,4810.27,49,No
C00372,Male,No,No,No,None,Electronic,OneYear,No,No,39.18,445.27,10,No
C00373,Male,Yes,No,Yes,ATT,CreditCard,Month-to-Month,Yes,No,90.57,1826.39,18,No
C00374,Male,Yes,Yes,No,ATT,Electronic,Month-to-Month,No,No,93.73,4051.42,43,No
C00375,Female,Yes,No,Yes,None,Electronic,OneYear,No,Yes,67.99,2549.33,37,No
C00376,Female,Yes,No,No,Other,MailedCheck,OneYear,No,Yes,76.49,3866.15,50,No
C00377,Male,Yes,Yes,No,None,Electronic,Month-to-Month,No,Yes,61.5,770.95,12,Yes
C00378,Female,No,No,No,ATT,CreditCard,TwoYear,Yes,Yes,106.66,3678.02,33,Yes
C00379,Female,Yes,Yes,Yes,Other,CreditCard,Month-to-Month,Yes,No,74.5,4120.53,55,No
C00380,Male,No,No,No,ATT,CreditCard,Month-to-Month,No,No,63.76,4431.75,69,No
C00381,Male,No,No,No,ATT,BankTransfer,TwoYear,Yes,No,68.81,2784.28,38,No
C00382,Female,Yes,No,Yes,None,Electronic,Month-to-Month,No,Yes,54.75,2429.41,41,Yes
C00383,Male,No,No,No,Other,CreditCard,OneYear,No,Yes,74.97,2346.53,31,No
C00384,Male,No,Yes,No,ATT,CreditCard,Month-to-Month,No,Yes,79.38,2162.26,27,No
C00385,Female,Yes,No,Yes,None,CreditCard,OneYear,No,No,36.85,1267.02,31,No
C00386,Male,No,No,No,None,BankTransfer,OneYear,No,No,63.48,2962.7,46,No
C00387,Female,Yes,No,No,ATT,CreditCard,OneYear,No,Yes,115.86,2232.78,18,No
C00388,Female,No,Yes,Yes,Other,CreditCard,Month-to-Month,No,No,71.51,5157.96,70,No
C00389,Male,No,Yes,No,ATT,CreditCard,Month-to-Month,No,No,61.87,1795.87,26,No
C00390,Male,Yes,No,Yes,Other,Electronic,Month-to-Month,Yes,Yes,97.51,7099.33,72,No
C00391,Male,No,Yes,No,ATT,Electronic,Month-to-Month,No,No,61.8,2744.5,44,No
C00392,Female,Yes,No,Yes,None,Electronic,OneYear,Yes,Yes,91.14,3692.53,39,No
C00393,Male,Yes,No,No,ATT,CreditCard,Month-to-Month,No,No,78.72,1344.39,16,Yes
C00394,Female,Yes,No,Yes,ATT,BankTransfer,TwoYear,No,No,89.11,1750.08,19,Yes
C00395,Male,No,Yes,Yes,Other,BankTransfer,OneYear,Yes,Yes,86.49,918.1,9,No
C00396,Male,No,No,No,ATT,MailedCheck,Month-to-Month,Yes,Yes,104.2,4376.58,42,Yes
C00397,Male,No,No,Yes,None,Electronic,Month-to-Month,Yes,Yes,60.7,3374.12,55,No
C00398,Female,No,No,Yes,ATT,BankTransfer,Month-to-Month,Yes,No,130.0,3551.57,26,Yes
C00399,Male,Yes,No,No,ATT,CreditCard,TwoYear,Yes,Yes,117.14,1506.21,12,Yes
C00400,Female,No,No,No,Other,BankTransfer,OneYear,Yes,No,84.72,4997.56,57,No
C00401,Female,No,No,Yes,None,CreditCard,Month-to-Month,No,No,89.41,4174.18,46,Yes
C00402,Male,No,No,Yes,ATT,CreditCard,Month-to-Month,No,No,64.64,2010.54,30,No
C00403,Female,No,No,No,Other,BankTransfer,OneYear,Yes,Yes,93.35,1709.88,18,No
C00404,Male,No,Yes,No,Other,CreditCard,Month-to-Month,Yes,No,101.03,5784.9,56,No
C00405,Female,No,No,No,ATT,Electronic,Month-to-Month,No,No,98.03,104.15,1,No
C00406,Male,No,Yes,Yes,None,BankTransfer,Month-to-Month,No,No,66.33,1551.3,23,Yes
C00407,Male,Yes,Yes,Yes,Other,CreditCard,Month-to-Month,Yes,No,80.18,375.04,3,No
C00408,Male,Yes,No,Yes,ATT,MailedCheck,Month-to-Month,No,No,115.73,7719.6,66,Yes
C00409,Male,No,No,Yes,ATT,BankTransfer,TwoYear,No,Yes,67.24,3352.23,48,No
C00410,Female,No,No,Yes,ATT,BankTransfer,Month-to-Month,No,Yes,130.0,2995.31,23,Yes
C00411,Male,No,Yes,Yes,None,CreditCard,Month-to-Month,Yes,No,83.09,2326.63,27,No
C00412,Male,Yes,No,No,ATT,Electronic,Month-to-Month,No,No,101.51,4220.92,41,Yes
C00413,Male,Yes,Yes,No,Other,Electronic,TwoYear,No,Yes,55.53,1626.32,29,Yes
C00414,Male,No,Yes,Yes,ATT,Electronic,OneYear,Yes,No,108.52,4661.28,42,No
C00415,Female,No,No,Yes,ATT,BankTransfer,TwoYear,Yes,No,79.05,3821.93,46,No
C00416,Female,No,No,No,ATT,CreditCard,Month-to-Month,No,No,98.8,1312.03,12,No
C00417,Male,Yes,No,Yes,Other,Electronic,Month-to-Month,No,No,107.92,6266.33,57,No
C00418,Female,Yes,No,No,ATT,MailedCheck,Month-to-Month,Yes,No,121.0,3433.58,27,Yes
C00419,Female,Yes,Yes,No,ATT,MailedCheck,OneYear,No,No,99.1,2227.27,21,No
C00420,Female,No,No,No,Other,BankTransfer,Month-to-Month,Yes,No,92.23,3737.87,39,No
C00421,Male,Yes,No,No,None,BankTransfer,Month-to-Month,Yes,Yes,50.24,385.86,6,Yes
C00422,Male,Yes,No,Yes,ATT,MailedCheck,TwoYear,No,No,57.29,1850.3,30,No
C00423,Male,No,Yes,Yes,Other,Electronic,TwoYear,No,No,93.83,3014.36,32,No
C00424,Male,Yes,Yes,Yes,ATT,CreditCard,Month-to-Month,No,No,116.49,3509.34,29,Yes
C00425,Female,No,No,No,ATT,MailedCheck,OneYear,Yes,No,114.26,2970.47,25,Yes
C00426,Female,No,No,Yes,Other,BankTransfer,Month-to-Month,No,No,71.51,4062.87,55,Yes
C00427,Female,No,Yes,Yes,ATT,BankTransfer,Month-to-Month,No,No,83.41,4954.83,59,Yes
C00428,Female,Yes,Yes,Yes,Other,Electronic,TwoYear,No,No,87.76,3922.66,43,No
C00429,Female,No,Yes,Yes,ATT,Electronic,Month-to-Month,No,No,92.6,6211.29,67,Yes
C00430,Male,Yes,No,No,None,BankTransfer,Month-to-Month,Yes,No,56.53,1594.39,26,No
C00431,Male,No,No,No,Other,MailedCheck,Month-to-Month,No,Yes,92.84,4505.09,47,Yes
C00432,Female,Yes,No,Yes,Other,BankTransfer,Month-to-Month,Yes,No,66.78,1183.2,15,Yes
C00433,Male,No,No,No,ATT,MailedCheck,OneYear,No,No,52.91,627.92,9,No
C00434,Female,Yes,Yes,Yes,Other,BankTransfer,Month-to-Month,No,Yes,109.79,4152.51,37,No
C00435,Male,No,No,No,ATT,MailedCheck,Month-to-Month,Yes,No,95.22,4664.8,47,No
C00436,Female,Yes,No,Yes,Other,CreditCard,Month-to-Month,Yes,No,61.04,1486.01,22,No
C00437,Female,Yes,No,Yes,ATT,Electronic,Month-to-Month,No,No,115.44,7968.68,68,Yes
C00438,Male,Yes,No,No,ATT,Electronic,TwoYear,No,No,97.39,4612.19,46,No
C00439,Male,Yes,No,No,Other,BankTransfer,OneYear,No,No,53.26,1844.32,33,No
C00440,Male,Yes,Yes,Yes,ATT,CreditCard,OneYear,Yes,Yes,90.07,2185.21,24,No
C00441,Male,Yes,No,No,None,Electronic,TwoYear,No,No,52.56,3236.64,60,No
C00442,Male,Yes,Yes,Yes,ATT,CreditCard,Month-to-Month,No,Yes,99.61,3877.37,38,No
C00443,Male,Yes,No,No,Other,CreditCard,TwoYear,No,No,36.08,507.56,13,No
C00444,Female,No,Yes,No,Other,CreditCard,Month-to-Month,No,No,105.2,3379.22,32,Yes
C00445,Female,No,Yes,Yes,ATT,CreditCard,OneYear,Yes,No,102.47,5112.04,49,No
C00446,Male,Yes,No,Yes,ATT,BankTransfer,TwoYear,Yes,Yes,120.41,7354.38,61,No
C00447,Female,Yes,No,Yes,Other,MailedCheck,Month-to-Month,No,No,76.5,3231.36,42,No
C00448,Female,No,No,Yes,None,Electronic,TwoYear,No,Yes,38.58,1953.45,49,No
C00449,Male,Yes,No,Yes,ATT,CreditCard,OneYear,No,No,77.21,2184.74,27,No
C00450,Male,No,Yes,Yes,ATT,Electronic,Month-to-Month,No,Yes,109.69,4474.9,40,No
C00451,Male,Yes,Yes,Yes,None,CreditCard,Month-to-Month,No,No,34.8,270.53,7,Yes
C00452,Female,Yes,No,No,None,BankTransfer,Month-to-Month,No,Yes,89.27,2632.58,29,No
C00453,Female,Yes,No,Yes,None,MailedCheck,TwoYear,No,No,57.69,1437.34,23,No
C00454,Male,Yes,No,Yes,ATT,Electronic,Month-to-Month,No,No,94.76,3495.24,36,No
C00455,Female,Yes,Yes,No,ATT,Electronic,Month-to-Month,No,No,61.25,3167.64,50,No
C00456,Female,Yes,No,Yes,ATT,BankTransfer,TwoYear,No,No,55.21,3137.16,54,No
C00457,Female,No,Yes,No,Other,MailedCheck,Month-to-Month,No,Yes,105.84,5930.0,56,No
C00458,Male,No,No,No,ATT,BankTransfer,OneYear,No,No,106.07,3959.88,37,No
C00459,Female,Yes,Yes,Yes,None,CreditCard,Month-to-Month,Yes,No,79.45,2432.15,29,No
C00460,Male,Yes,Yes,No,ATT,CreditCard,TwoYear,Yes,Yes,71.73,1710.91,23,No
C00461,Female,No,No,No,ATT,CreditCard,Month-to-Month,Yes,Yes,130.0,7599.4,57,Yes
C00462,Female,No,Yes,No,Other,CreditCard,TwoYear,Yes,Yes,47.98,2368.88,48,No
C00463,Female,No,Yes,Yes,Other,Electronic,Month-to-Month,Yes,No,89.49,632.69,6,No
C00464,Male,No,Yes,Yes,Other,Electronic,Month-to-Month,Yes,Yes,82.59,1348.67,14,Yes
C00465,Male,Yes,No,No,ATT,MailedCheck,Month-to-Month,No,Yes,105.44,6170.17,58,Yes
C00466,Female,Yes,No,No,None,BankTransfer,Month-to-Month,Yes,Yes,90.22,2023.82,22,No
C00467,Male,No,Yes,Yes,Other,Electronic,OneYear,No,No,65.05,1493.88,20,No
C00468,Male,Yes,No,No,Other,MailedCheck,Month-to-Month,No,No,82.17,5124.09,61,Yes
C00469,Male,No,No,Yes,None,CreditCard,OneYear,No,No,59.02,768.06,12,No
C00470,Female,No,No,Yes,None,BankTransfer,TwoYear,No,No,76.01,3436.92,44,No
C00471,Female,Yes,No,Yes,ATT,Electronic,Month-to-Month,Yes,Yes,87.84,1244.98,12,No
C00472,Female,No,No,Yes,ATT,CreditCard,Month-to-Month,No,No,89.41,3024.6,33,No
C00473,Female,Yes,No,Yes,Other,BankTransfer,Month-to-Month,No,No,94.55,5129.59,53,No
C00474,Male,Yes,No,Yes,ATT,Electronic,OneYear,Yes,No,92.96,3540.56,37,No
C00475,Female,Yes,No,Yes,ATT,BankTransfer,OneYear,No,No,52.75,2499.24,46,No
C00476,Female,Yes,No,No,ATT,BankTransfer,Month-to-Month,Yes,No,96.52,1304.48,13,No
C00477,Male,Yes,No,Yes,ATT,Electronic,Month-to-Month,No,No,80.08,2070.55,25,No
C00478,Female,No,No,Yes,None,BankTransfer,Month-to-Month,Yes,Yes,85.94,5716.73,65,No
C00479,Male,Yes,No,Yes,None,Electronic,TwoYear,Yes,No,40.93,771.88,18,No
C00480,Male,Yes,Yes,Yes,ATT,BankTransfer,Month-to-Month,No,No,119.57,6515.57,53,Yes
C00481,Male,No,No,Yes,ATT,Electronic,OneYear,No,No,74.05,2341.41,29,No
C00482,Female,No,No,Yes,ATT,MailedCheck,Month-to-Month,No,No,129.27,1249.97,9,Yes
C00483,Female,No,Yes,Yes,Other,CreditCard,TwoYear,Yes,No,66.45,2244.32,33,No
C00484,Male,Yes,No,Yes,ATT,CreditCard,Month-to-Month,No,No,60.24,3689.73,60,No
C00485,Male,No,No,Yes,None,BankTransfer,Month-to-Month,No,Yes,66.73,4726.22,69,No
C00486,Male,No,No,No,None,MailedCheck,TwoYear,No,No,40.63,2006.83,47,No
C00487,Female,No,No,Yes,Other,BankTransfer,OneYear,No,No,51.65,3072.05,59,No
C00488,Male,Yes,No,No,ATT,BankTransfer,Month-to-Month,No,No,99.76,1750.11,17,No
C00489,Male,Yes,Yes,Yes,ATT,Electronic,Month-to-Month,No,No,84.69,339.2,2,Yes
C00490,Female,No,Yes,No,None,Electronic,TwoYear,No,Yes,30.58,740.06,24,No
C00491,Male,No,Yes,No,ATT,CreditCard,Month-to-Month,Yes,Yes,92.86,5687.97,60,Yes
C00492,Female,Yes,Yes,Yes,ATT,BankTransfer,Month-to-Month,No,No,102.74,1471.66,14,No
C00493,Male,No,Yes,Yes,None,BankTransfer,OneYear,Yes,Yes,59.25,2608.62,41,No
C00494,Female,Yes,No,Yes,ATT,CreditCard,Month-to-Month,No,Yes,110.71,2969.44,26,Yes
C00495,Male,No,No,Yes,ATT,CreditCard,Month-to-Month,Yes,No,96.34,805.57,7,Yes
C00496,Female,No,No,Yes,ATT,BankTransfer,Month-to-Month,No,Yes,127.38,3070.81,24,Yes
C00497,Male,No,Yes,No,Other,MailedCheck,OneYear,No,No,79.92,1720.21,20,No
C00498,Female,No,No,Yes,ATT,CreditCard,OneYear,No,No,99.49,4737.01,47,No
C00499,Female,Yes,Yes,No,ATT,CreditCard,OneYear,Yes,Yes,128.37,7378.52,56,No
C00500,Female,Yes,No,No,None,BankTransfer,Month-to-Month,Yes,No,68.81,4340.51,61,No
C00501,Male,No,No,Yes,ATT,Electronic,OneYear,Yes,No,103.5,6062.66,57,No
C00502,Male,Yes,No,No,ATT,CreditCard,OneYear,No,Yes,103.52,5251.3,50,No
C00503,Female,No,No,Yes,ATT,CreditCard,Month-to-Month,No,Yes,130.0,6387.05,48,Yes
C00504,Male,No,No,No,ATT,Electronic,OneYear,No,Yes,107.79,4648.3,42,No
C00505,Female,No,No,No,Other,CreditCard,OneYear,No,Yes,101.99,1375.38,13,Yes
C00506,Female,No,No,No,Other,MailedCheck,Month-to-Month,Yes,No,104.06,3320.18,31,Yes
C00507,Female,No,No,Yes,None,CreditCard,OneYear,Yes,No,82.0,4216.59,49,No
C00508,Female,No,Yes,No,ATT,CreditCard,Month-to-Month,No,No,64.98,192.46,1,Yes
C00509,Female,Yes,Yes,Yes,ATT,BankTransfer,OneYear,Yes,Yes,93.84,3064.19,32,No
C00510,Female,Yes,No,No,ATT,Electronic,TwoYear,No,Yes,113.11,6254.89,55,No
C00511,Male,No,No,No,ATT,CreditCard,TwoYear,Yes,No,66.96,4366.19,65,No
C00512,Female,No,No,No,Other,CreditCard,TwoYear,No,No,58.73,3444.23,58,No
C00513,Male,No,Yes,No,ATT,MailedCheck,Month-to-Month,No,Yes,97.19,2395.21,23,No
C00514,Male,Yes,Yes,No,None,Electronic,OneYear,No,No,40.54,1710.96,42,No
C00515,Male,No,No,Yes,None,MailedCheck,OneYear,Yes,Yes,42.97,896.23,19,No
C00516,Female,Yes,No,No,ATT,MailedCheck,OneYear,Yes,No,61.96,2769.38,44,No
C00517,Male,No,No,No,None,MailedCheck,OneYear,No,No,55.23,2329.42,40,No
C00518,Male,Yes,No,Yes,None,Electronic,Month-to-Month,No,Yes,55.41,910.29,16,Yes
C00519,Male,No,No,Yes,ATT,CreditCard,TwoYear,No,No,120.34,2357.47,18,No
C00520,Male,No,No,Yes,ATT,CreditCard,TwoYear,No,No,93.24,6775.67,72,No
C00521,Male,Yes,No,Yes,ATT,Electronic,Month-to-Month,No,No,67.34,209.92,2,Yes
C00522,Male,No,No,No,ATT,CreditCard,Month-to-Month,No,No,79.19,1380.16,15,No
C00523,Female,Yes,No,No,None,MailedCheck,Month-to-Month,No,No,56.36,2108.8,34,No
C00524,Female,No,Yes,Yes,ATT,Electronic,OneYear,No,No,101.31,5600.53,54,No
C00525,Male,Yes,No,No,ATT,BankTransfer,Month-to-Month,No,Yes,88.74,5779.62,65,No
C00526,Female,No,No,No,ATT,CreditCard,Month-to-Month,No,No,49.56,3435.56,66,Yes
C00527,Male,No,Yes,Yes,ATT,Electronic,OneYear,Yes,No,114.97,2906.95,25,No
C00528,Male,No,No,Yes,None,Electronic,TwoYear,No,No,68.79,3865.53,56,No
C00529,Male,No,No,No,ATT,Electronic,Month-to-Month,No,No,102.26,4717.62,45,Yes
C00530,Female,No,No,Yes,ATT,BankTransfer,TwoYear,No,No,98.39,5616.6,56,No
C00531,Male,Yes,Yes,Yes,None,CreditCard,Month-to-Month,Yes,No,93.37,6441.34,68,Yes
C00532,Female,No,Yes,No,Other,Electronic,OneYear,No,Yes,52.71,1377.79,26,No
C00533,Female,No,Yes,Yes,ATT,BankTransfer,OneYear,Yes,No,116.27,3196.12,27,No
C00534,Female,No,No,Yes,ATT,CreditCard,OneYear,No,No,76.06,1682.2,22,No
C00535,Female,Yes,Yes,No,ATT,MailedCheck,Month-to-Month,Yes,No,78.26,813.22,9,No
C00536,Male,No,No,Yes,ATT,BankTransfer,Month-to-Month,No,No,98.3,3576.19,36,Yes
C00537,Female,Yes,No,No,Other,CreditCard,OneYear,No,Yes,61.96,2344.69,37,No
C00538,Female,Yes,No,No,Other,CreditCard,Month-to-Month,Yes,No,60.67,2786.21,43,No
C00539,Male,Yes,Yes,Yes,ATT,Electronic,TwoYear,No,Yes,106.34,2708.11,24,No
C00540,Female,No,No,Yes,None,CreditCard,OneYear,Yes,No,95.56,1718.43,17,No
C00541,Female,No,Yes,No,None,MailedCheck,OneYear,Yes,No,77.65,4301.72,54,No
C00542,Male,No,No,Yes,ATT,CreditCard,TwoYear,Yes,Yes,92.09,4978.19,53,No
C00543,Male,No,No,No,Other,Electronic,OneYear,Yes,No,61.12,2782.73,44,No
C00544,Male,Yes,No,Yes,None,Electronic,Month-to-Month,No,No,65.61,2564.37,37,No
C00545,Female,Yes,No,Yes,ATT,BankTransfer,Month-to-Month,No,Yes,102.87,4472.24,43,No
C00546,Male,No,No,Yes,None,BankTransfer,Month-to-Month,Yes,No,61.65,4220.4,68,No
C00547,Female,No,No,No,ATT,Electronic,Month-to-Month,No,No,86.6,6205.61,71,Yes
C00548,Female,No,Yes,Yes,None,Electronic,Month-to-Month,No,Yes,90.41,623.12,5,Yes
C00549,Male,No,Yes,Yes,ATT,Electronic,OneYear,Yes,No,77.05,727.55,8,No
C00550,Female,No,No,No,ATT,Electronic,Month-to-Month,No,Yes,130.0,1969.0,14,No
C00551,Male,Yes,Yes,No,ATT,BankTransfer,TwoYear,No,No,97.55,4628.82,47,No
C00552,Female,Yes,Yes,Yes,None,CreditCard,Month-to-Month,No,No,39.33,1490.14,36,No
C00553,Male,No,Yes,No,ATT,CreditCard,Month-to-Month,Yes,No,78.23,4116.67,52,No
C00554,Male,No,Yes,No,None,BankTransfer,Month-to-Month,Yes,No,71.33,4792.63,66,No
C00555,Female,No,No,Yes,ATT,BankTransfer,Month-to-Month,Yes,No,99.79,2340.39,23,No
C00556,Male,No,Yes,No,ATT,MailedCheck,Month-to-Month,No,Yes,123.4,1871.21,14,Yes
C00557,Female,No,No,Yes,ATT,Electronic,Month-to-Month,No,Yes,130.0,271.91,1,Yes
C00558,Female,No,No,No,ATT,BankTransfer,Month-to-Month,Yes,No,94.58,5213.6,55,Yes
C00559,Male,Yes,Yes,No,Other,BankTransfer,Month-to-Month,Yes,Yes,69.98,4036.62,55,No
C00560,Male,No,No,Yes,ATT,Electronic,Month-to-Month,No,No,108.55,3847.82,34,Yes
C00561,Female,No,No,No,None,Electronic,Month-to-Month,No,Yes,51.04,1410.44,25,No
C00562,Male,No,Yes,No,None,MailedCheck,OneYear,No,Yes,92.16,1974.86,21,No
C00563,Male,Yes,Yes,No,None,BankTransfer,Month-to-Month,No,No,56.6,3014.18,52,No
C00564,Male,No,Yes,Yes,ATT,MailedCheck,Month-to-Month,No,No,125.0,2024.65,16,Yes
C00565,Male,Yes,Yes,Yes,None,BankTransfer,OneYear,No,No,57.61,2947.58,51,No
C00566,Female,No,Yes,Yes,ATT,BankTransfer,Month-to-Month,No,Yes,88.83,278.23,2,Yes
C00567,Female,No,No,Yes,ATT,CreditCard,OneYear,Yes,Yes,109.91,858.42,7,Yes
C00568,Male,No,No,Yes,ATT,Electronic,OneYear,Yes,Yes,108.45,5533.27,50,No
C00569,Male,No,Yes,Yes,ATT,CreditCard,OneYear,Yes,No,120.63,6762.41,56,No
C00570,Female,Yes,No,No,None,CreditCard,Month-to-Month,Yes,No,37.31,1568.05,38,No
C00571,Female,Yes,No,No,ATT,Electronic,Month-to-Month,No,No,88.43,1596.32,18,No
C00572,Female,Yes,Yes,No,ATT,Electronic,OneYear,No,No,89.74,3011.38,32,No
C00573,Male,No,Yes,No,ATT,CreditCard,Month-to-Month,No,No,55.15,823.2,12,No
C00574,Female,Yes,No,Yes,Other,CreditCard,OneYear,Yes,No,104.35,836.23,8,No
C00575,Male,Yes,No,Yes,ATT,Electronic,OneYear,Yes,No,83.21,2277.71,27,No
C00576,Male,No,No,No,ATT,Electronic,Month-to-Month,No,Yes,103.52,7504.21,72,Yes
C00577,Female,Yes,No,Yes,ATT,BankTransfer,TwoYear,No,No,48.32,1854.85,38,No
C00578,Female,No,No,Yes,Other,BankTransfer,Month-to-Month,Yes,No,128.26,5601.53,43,Yes
C00579,Male,No,No,Yes,ATT,CreditCard,Month-to-Month,No,No,92.48,5167.12,54,Yes
C00580,Male,No,Yes,No,None,Electronic,TwoYear,Yes,No,76.92,5254.58,68,No
C00581,Female,Yes,Yes,No,ATT,CreditCard,Month-to-Month,No,No,98.42,511.83,4,Yes
C00582,Female,No,No,No,ATT,MailedCheck,TwoYear,No,No,46.83,1431.24,28,No
C00583,Male,No,No,Yes,Other,BankTransfer,Month-to-Month,No,Yes,113.03,3882.29,33,No
C00584,Male,Yes,No,Yes,ATT,BankTransfer,OneYear,Yes,No,125.63,4592.69,35,No
C00585,Male,Yes,No,No,ATT,MailedCheck,Month-to-Month,Yes,Yes,113.56,5293.02,46,Yes
C00586,Male,Yes,No,Yes,Other,BankTransfer,Month-to-Month,Yes,Yes,98.15,795.79,7,Yes
C00587,Female,No,No,No,Other,MailedCheck,Month-to-Month,No,Yes,95.45,6448.44,66,Yes
C00588,Male,Yes,No,Yes,ATT,Electronic,Month-to-Month,No,No,90.48,4573.6,49,No
C00589,Female,Yes,Yes,Yes,Other,BankTransfer,Month-to-Month,Yes,No,123.47,8094.46,64,No
C00590,Female,Yes,No,No,None,Electronic,Month-to-Month,No,No,32.54,1108.72,32,No
C00591,Male,Yes,No,No,ATT,BankTransfer,OneYear,No,No,78.45,1894.61,22,No
C00592,Male,No,No,No,Other,Electronic,OneYear,No,No,28.16,465.93,10,No
C00593,Female,Yes,No,Yes,Other,MailedCheck,Month-to-Month,No,Yes,120.47,3599.93,29,Yes
C00594,Male,Yes,No,No,ATT,BankTransfer,Month-to-Month,No,No,105.38,515.94,4,Yes
C00595,Female,No,No,Yes,ATT,Electronic,OneYear,No,Yes,83.47,2114.51,24,No
C00596,Male,No,No,Yes,None,MailedCheck,Month-to-Month,No,No,40.4,435.23,8,Yes
C00597,Male,Yes,Yes,Yes,ATT,CreditCard,Month-to-Month,No,No,81.82,5839.19,69,No
C00598,Male,No,Yes,Yes,ATT,MailedCheck,OneYear,Yes,Yes,88.14,913.26,9,No
C00599,Female,No,No,Yes,ATT,BankTransfer,Month-to-Month,No,No,81.79,5355.62,65,No
C00600,Female,Yes,No,No,None,CreditCard,OneYear,No,No,18.0,501.84,17,No
C00601,Female,No,No,No,Other,MailedCheck,Month-to-Month,No,No,41.79,2981.09,67,Yes
C00602,Male,Yes,No,Yes,ATT,CreditCard,Month-to-Month,No,No,79.96,4401.19,55,No
C00603,Male,Yes,No,Yes,None,BankTransfer,OneYear,Yes,No,42.23,943.53,22,No
C00604,Male,Yes,No,Yes,None,BankTransfer,Month-to-Month,No,Yes,47.79,86.91,1,No
C00605,Male,Yes,No,No,None,CreditCard,TwoYear,No,Yes,66.93,2208.12,32,No
C00606,Male,No,No,Yes,ATT,Electronic,TwoYear,No,No,77.16,4951.65,64,No
C00607,Male,Yes,No,Yes,None,MailedCheck,OneYear,No,No,65.04,3076.85,47,No
C00608,Male,No,Yes,Yes,ATT,MailedCheck,TwoYear,Yes,No,100.34,5489.3,53,No
C00609,Male,Yes,No,Yes,ATT,CreditCard,TwoYear,Yes,Yes,107.93,7465.83,69,No
C00610,Male,Yes,No,Yes,Other,BankTransfer,Month-to-Month,No,Yes,70.68,644.74,7,No
C00611,Male,Yes,Yes,No,ATT,MailedCheck,TwoYear,Yes,No,106.84,1389.27,12,No
C00612,Female,Yes,No,No,ATT,Electronic,Month-to-Month,No,Yes,103.22,4375.77,41,No
C00613,Male,No,Yes,Yes,ATT,BankTransfer,Month-to-Month,Yes,No,105.47,3433.44,31,Yes
C00614,Female,No,No,Yes,ATT,Electronic,Month-to-Month,No,No,89.67,1472.56,15,Yes
C00615,Female,No,No,Yes,None,BankTransfer,OneYear,No,Yes,60.68,2252.33,35,No
C00616,Female,Yes,Yes,No,ATT,Electronic,OneYear,Yes,No,112.0,6555.22,57,No
C00617,Female,No,No,No,Other,CreditCard,OneYear,Yes,No,41.48,560.97,11,No
C00618,Female,No,Yes,No,ATT,BankTransfer,Month-to-Month,Yes,No,88.68,1334.65,14,No
C00619,Female,Yes,No,Yes,ATT,BankTransfer,TwoYear,Yes,Yes,86.15,1408.09,16,No
C00620,Male,No,No,Yes,Other,BankTransfer,Month-to-Month,No,No,101.61,5008.63,48,Yes
C00621,Female,No,Yes,Yes,None,CreditCard,Month-to-Month,No,No,71.07,2767.07,37,Yes
C00622,Male,No,No,No,ATT,BankTransfer,TwoYear,Yes,No,84.48,2322.55,27,Yes
C00623,Male,No,Yes,Yes,Other,MailedCheck,OneYear,No,No,76.66,2225.42,29,No
C00624,Male,No,No,No,ATT,Electronic,TwoYear,No,Yes,107.8,4421.33,40,No
C00625,Female,No,No,No,Other,BankTransfer,TwoYear,Yes,No,74.9,5379.88,71,No
C00626,Female,Yes,Yes,No,None,BankTransfer,Month-to-Month,No,No,37.59,587.56,13,No
C00627,Male,Yes,Yes,Yes,ATT,Electronic,Month-to-Month,No,No,81.95,4473.48,54,Yes
C00628,Female,Yes,No,Yes,Other,BankTransfer,OneYear,Yes,No,86.51,4430.46,49,No
C00629,Female,Yes,Yes,Yes,ATT,CreditCard,Month-to-Month,No,No,76.6,3259.37,42,No
C00630,Male,Yes,No,No,ATT,BankTransfer,Month-to-Month,No,No,63.0,2796.01,43,No
C00631,Female,No,No,No,ATT,BankTransfer,Month-to-Month,No,Yes,118.71,2279.03,19,Yes
C00632,Female,Yes,Yes,Yes,ATT,BankTransfer,Month-to-Month,Yes,No,109.58,5417.48,48,No
C00633,Male,Yes,No,Yes,ATT,CreditCard,OneYear,No,Yes,88.99,1864.57,19,No
C00634,Male,No,No,Yes,ATT,BankTransfer,Month-to-Month,Yes,No,130.0,6962.63,53,No
C00635,Male,Yes,No,Yes,ATT,BankTransfer,Month-to-Month,Yes,No,126.89,1088.03,7,No
C00636,Male,Yes,Yes,Yes,ATT,BankTransfer,OneYear,Yes,Yes,111.01,1041.4,9,No
C00637,Female,No,Yes,No,None,BankTransfer,Month-to-Month,No,No,20.82,945.56,40,No
C00638,Female,Yes,Yes,Yes,ATT,MailedCheck,Month-to-Month,Yes,No,117.74,3738.56,31,Yes
C00639,Male,No,Yes,Yes,ATT,Electronic,Month-to-Month,No,Yes,130.0,3646.95,28,Yes
C00640,Female,Yes,No,Yes,None,Electronic,OneYear,Yes,Yes,40.14,1282.41,27,No
C00641,Male,Yes,No,Yes,ATT,CreditCard,OneYear,No,Yes,69.2,1526.81,22,No
C00642,Male,No,No,Yes,ATT,Electronic,Month-to-Month,No,No,85.67,2454.8,27,Yes
C00643,Male,No,No,Yes,Other,Electronic,OneYear,No,Yes,76.67,1720.17,22,No
C00644,Male,No,No,No,ATT,BankTransfer,Month-to-Month,Yes,Yes,130.0,6833.38,52,Yes
C00645,Female,No,Yes,Yes,None,BankTransfer,Month-to-Month,No,No,57.35,4022.98,70,No
C00646,Male,No,Yes,No,None,MailedCheck,Month-to-Month,No,No,34.08,1001.49,24,No
C00647,Female,No,No,Yes,None,Electronic,Month-to-Month,No,No,49.4,1757.46,34,No
C00648,Female,No,No,No,None,CreditCard,Month-to-Month,No,No,76.36,2780.4,34,No
C00649,Male,No,No,Yes,ATT,CreditCard,TwoYear,No,No,55.92,2551.79,45,No
C00650,Male,No,No,Yes,ATT,MailedCheck,Month-to-Month,Yes,Yes,95.39,4463.07,46,No
C00651,Male,No,No,Yes,ATT,BankTransfer,TwoYear,Yes,No,127.32,7248.29,56,No
C00652,Male,No,Yes,Yes,Other,CreditCard,OneYear,No,Yes,92.78,4383.77,46,No
C00653,Female,No,No,No,ATT,Electronic,Month-to-Month,No,No,85.95,914.34,10,No
C00654,Female,No,No,No,None,CreditCard,Month-to-Month,Yes,No,81.63,2063.25,25,Yes
C00655,Male,No,No,No,None,CreditCard,TwoYear,No,No,48.99,2019.77,40,No
C00656,Male,No,No,Yes,ATT,Electronic,Month-to-Month,Yes,No,130.0,3895.14,29,Yes
C00657,Female,No,No,Yes,ATT,Electronic,Month-to-Month,No,No,119.66,1143.85,8,Yes
C00658,Male,Yes,No,No,ATT,BankTransfer,TwoYear,Yes,Yes,76.43,1726.49,20,No
C00659,Male,No,No,Yes,None,Electronic,Month-to-Month,No,No,37.21,243.01,6,No
C00660,Female,Yes,No,No,ATT,BankTransfer,Month-to-Month,No,No,77.56,3853.17,48,No
C00661,Female,Yes,No,No,ATT,Electronic,TwoYear,No,Yes,109.04,2094.12,19,No
C00662,Female,No,No,Yes,ATT,CreditCard,TwoYear,Yes,No,96.62,6330.32,64,No
C00663,Female,No,No,Yes,Other,Electronic,OneYear,Yes,No,111.69,2581.75,23,Yes
C00664,Female,No,Yes,No,ATT,BankTransfer,Month-to-Month,No,Yes,102.12,1846.1,18,Yes
C00665,Female,No,No,No,ATT,CreditCard,TwoYear,Yes,Yes,93.23,2436.63,24,Yes
C00666,Male,No,No,Yes,Other,Electronic,TwoYear,No,Yes,83.21,4692.75,55,Yes
C00667,Male,Yes,No,Yes,None,CreditCard,Month-to-Month,No,No,41.53,2004.61,45,No
C00668,Male,No,No,Yes,None,BankTransfer,Month-to-Month,Yes,Yes,41.38,2875.43,65,No
C00669,Male,No,No,Yes,Other,BankTransfer,Month-to-Month,No,Yes,130.0,2520.48,18,Yes
C00670,Female,No,No,Yes,ATT,Electronic,TwoYear,Yes,No,112.78,4183.5,36,No
C00671,Female,No,No,No,Other,BankTransfer,OneYear,No,No,69.8,3778.99,54,No
C00672,Female,No,No,Yes,ATT,BankTransfer,TwoYear,Yes,Yes,106.61,2033.51,19,Yes
C00673,Male,No,No,Yes,ATT,Electronic,TwoYear,No,Yes,117.99,2410.66,20,No
C00674,Female,No,No,Yes,Other,BankTransfer,Month-to-Month,No,Yes,119.12,5882.82,49,Yes
C00675,Female,No,Yes,No,ATT,CreditCard,TwoYear,Yes,No,77.55,5445.23,68,Yes
C00676,Female,Yes,No,Yes,ATT,Electronic,Month-to-Month,No,Yes,77.37,4320.64,54,No
C00677,Male,Yes,No,No,Other,MailedCheck,Month-to-Month,No,Yes,96.6,4491.31,46,No
C00678,Female,No,No,Yes,ATT,Electronic,Month-to-Month,No,No,79.25,1370.4,17,Yes
C00679,Female,No,No,Yes,ATT,CreditCard,OneYear,Yes,Yes,119.57,1346.87,11,Yes
C00680,Female,No,Yes,No,None,CreditCard,OneYear,No,No,60.81,632.05,8,No
C00681,Female,Yes,Yes,No,ATT,BankTransfer,TwoYear,Yes,Yes,83.21,1842.01,20,Yes
C00682,Male,Yes,No,Yes,None,CreditCard,Month-to-Month,No,No,34.6,487.99,14,No
C00683,Male,No,No,Yes,None,BankTransfer,OneYear,No,No,57.13,2689.91,46,No
C00684,Male,Yes,No,Yes,ATT,Electronic,Month-to-Month,Yes,Yes,110.04,7494.71,68,Yes
C00685,Male,No,No,No,Other,Electronic,Month-to-Month,No,Yes,99.29,5788.23,57,Yes
C00686,Female,No,Yes,No,None,Electronic,OneYear,No,No,53.97,2753.9,48,No
C00687,Female,Yes,No,Yes,Other,CreditCard,OneYear,No,No,99.9,5663.77,55,No
C00688,Male,No,Yes,No,ATT,Electronic,Month-to-Month,No,No,107.59,5133.97,47,No
C00689,Female,Yes,No,No,ATT,Electronic,OneYear,No,No,86.76,2621.6,28,No
C00690,Male,No,No,Yes,ATT,Electronic,Month-to-Month,No,No,113.79,4001.31,34,Yes
C00691,Female,No,No,Yes,ATT,MailedCheck,Month-to-Month,Yes,No,107.83,5754.26,53,Yes
C00692,Male,No,No,Yes,ATT,BankTransfer,TwoYear,No,No,34.28,2454.78,67,No
C00693,Male,Yes,No,Yes,Other,MailedCheck,OneYear,No,No,51.58,2198.47,42,No
C00694,Male,Yes,No,Yes,Other,BankTransfer,TwoYear,No,Yes,114.64,2023.86,16,No
C00695,Male,No,No,Yes,Other,CreditCard,Month-to-Month,Yes,No,90.39,5142.37,55,Yes
C00696,Female,Yes,Yes,No,Other,MailedCheck,Month-to-Month,No,No,93.83,191.04,1,No
C00697,Male,No,No,Yes,None,Electronic,OneYear,No,Yes,92.94,1219.7,12,No
C00698,Female,No,No,Yes,ATT,BankTransfer,TwoYear,No,No,96.37,6269.39,63,No
C00699,Male,Yes,No,No,None,BankTransfer,Month-to-Month,Yes,No,71.99,835.45,10,No
C00700,Male,Yes,No,Yes,ATT,BankTransfer,Month-to-Month,No,Yes,87.59,3128.57,35,No
C00701,Male,Yes,Yes,No,ATT,MailedCheck,TwoYear,No,Yes,46.89,3188.42,64,No
C00702,Female,Yes,Yes,No,ATT,BankTransfer,OneYear,Yes,No,92.02,819.95,7,No
C00703,Female,No,No,No,Other,Electronic,OneYear,No,No,30.32,1638.98,51,No
C00704,Male,Yes,Yes,No,ATT,BankTransfer,Month-to-Month,No,Yes,95.77,1472.4,14,No
C00705,Female,No,Yes,No,None,BankTransfer,Month-to-Month,No,No,44.23,713.48,14,Yes
C00706,Female,No,No,Yes,None,BankTransfer,Month-to-Month,Yes,No,78.01,638.1,6,No
C00707,Male,Yes,No,No,ATT,MailedCheck,TwoYear,No,No,106.12,2838.57,25,No
C00708,Female,No,No,No,Other,MailedCheck,OneYear,No,Yes,49.82,1952.34,38,No
C00709,Male,No,Yes,Yes,None,BankTransfer,OneYear,No,Yes,75.38,3109.29,39,No
C00710,Female,Yes,Yes,No,None,BankTransfer,TwoYear,No,Yes,49.86,3308.07,65,No
C00711,Female,Yes,Yes,No,ATT,BankTransfer,Month-to-Month,No,No,79.17,4295.07,54,No
C00712,Female,No,No,No,ATT,MailedCheck,Month-to-Month,Yes,No,102.37,714.81,6,Yes
C00713,Female,No,No,Yes,ATT,Electronic,Month-to-Month,No,No,77.91,977.7,10,No
C00714,Male,Yes,No,No,ATT,Electronic,OneYear,No,No,83.71,3287.14,39,Yes
C00715,Male,Yes,No,Yes,Other,BankTransfer,TwoYear,No,No,37.07,2364.59,59,No
C00716,Male,Yes,No,Yes,Other,MailedCheck,TwoYear,No,No,49.69,2797.75,56,No
C00717,Male,Yes,Yes,Yes,ATT,MailedCheck,TwoYear,No,No,86.13,4230.14,49,No
C00718,Female,Yes,Yes,Yes,Other,Electronic,Month-to-Month,Yes,Yes,70.43,2505.9,33,No
C00719,Female,Yes,Yes,Yes,None,Electronic,OneYear,Yes,No,87.38,1204.73,13,No
C00720,Female,Yes,No,Yes,None,CreditCard,Month-to-Month,No,No,51.5,3235.16,62,Yes
C00721,Female,Yes,Yes,Yes,ATT,Electronic,TwoYear,No,No,70.38,2289.09,32,No
C00722,Female,Yes,No,No,None,BankTransfer,TwoYear,No,No,39.04,2768.43,67,No
C00723,Male,Yes,No,Yes,ATT,Electronic,Month-to-Month,Yes,Yes,130.0,8357.81,64,Yes
C00724,Male,No,No,Yes,ATT,BankTransfer,Month-to-Month,Yes,No,113.35,4435.15,39,Yes
C00725,Female,Yes,No,Yes,None,BankTransfer,Month-to-Month,Yes,No,68.92,1802.52,24,Yes
C00726,Female,No,No,Yes,ATT,Electronic,OneYear,Yes,No,117.65,6292.59,52,No
C00727,Female,Yes,No,No,ATT,BankTransfer,Month-to-Month,No,No,105.44,6121.65,57,Yes
C00728,Male,No,No,Yes,None,Electronic,Month-to-Month,No,Yes,50.08,2357.15,47,Yes
C00729,Male,No,Yes,No,Other,BankTransfer,TwoYear,No,Yes,63.57,2207.88,34,No
C00730,Male,No,No,Yes,Other,BankTransfer,OneYear,No,Yes,61.91,2039.16,32,No
C00731,Female,No,Yes,No,ATT,BankTransfer,Month-to-Month,Yes,Yes,126.58,800.52,6,No
C00732,Female,Yes,Yes,No,None,BankTransfer,Month-to-Month,No,No,60.52,3288.45,53,No
C00733,Female,No,No,Yes,ATT,BankTransfer,Month-to-Month,No,No,126.92,7779.98,61,No
C00734,Female,No,Yes,Yes,ATT,Electronic,Month-to-Month,No,No,82.16,3147.85,36,No
C00735,Male,No,No,Yes,ATT,MailedCheck,Month-to-Month,No,Yes,130.0,1210.48,9,Yes
C00736,Female,No,No,Yes,ATT,CreditCard,Month-to-Month,No,Yes,130.0,9293.21,71,No
C00737,Female,Yes,No,Yes,None,Electronic,Month-to-Month,Yes,Yes,57.68,3257.92,56,No
C00738,Female,Yes,No,Yes,None,BankTransfer,OneYear,No,No,45.72,1913.85,40,No
C00739,Female,No,Yes,Yes,Other,CreditCard,Month-to-Month,Yes,Yes,93.23,5665.08,59,Yes
C00740,Male,No,No,Yes,Other,MailedCheck,TwoYear,No,No,69.94,4353.85,62,No
C00741,Female,No,No,Yes,ATT,Electronic,OneYear,No,No,92.59,837.2,7,No
C00742,Female,No,Yes,Yes,None,MailedCheck,OneYear,Yes,No,84.7,3100.29,35,No
C00743,Male,Yes,No,Yes,ATT,BankTransfer,Month-to-Month,Yes,Yes,79.48,1377.65,15,Yes
C00744,Female,No,Yes,No,ATT,BankTransfer,Month-to-Month,Yes,No,118.1,7990.7,67,Yes
C00745,Female,Yes,No,Yes,None,Electronic,TwoYear,Yes,No,78.95,4902.4,61,No
C00746,Female,Yes,No,No,ATT,Electronic,OneYear,No,No,92.37,5316.02,57,No
C00747,Male,No,No,Yes,None,Electronic,Month-to-Month,No,No,47.49,1542.24,29,No
C00748,Male,No,Yes,Yes,ATT,BankTransfer,Month-to-Month,Yes,No,107.76,941.73,7,Yes
C00749,Male,No,No,Yes,Other,BankTransfer,OneYear,Yes,No,51.65,1643.79,28,No
C00750,Female,Yes,No,No,Other,CreditCard,OneYear,No,Yes,71.28,2678.23,35,No
C00751,Male,No,Yes,Yes,Other,BankTransfer,OneYear,Yes,Yes,105.2,6333.6,59,Yes
C00752,Male,No,No,Yes,ATT,BankTransfer,Month-to-Month,Yes,Yes,91.06,2192.88,22,No
C00753,Male,No,No,Yes,Other,BankTransfer,TwoYear,No,No,37.22,1131.71,30,No
C00754,Male,No,Yes,No,ATT,MailedCheck,Month-to-Month,No,Yes,77.78,3635.75,45,Yes
C00755,Male,Yes,No,No,None,BankTransfer,Month-to-Month,No,No,50.01,1646.64,30,No
C00756,Female,No,No,Yes,None,BankTransfer,Month-to-Month,No,Yes,71.78,2385.52,33,Yes
C00757,Male,Yes,No,No,ATT,Electronic,OneYear,No,Yes,113.73,3870.51,34,No
C00758,Female,No,No,Yes,None,BankTransfer,Month-to-Month,No,No,77.52,5549.52,71,No
C00759,Male,No,No,Yes,ATT,Electronic,Month-to-Month,No,No,80.08,1714.87,21,Yes
C00760,Female,No,No,No,ATT,BankTransfer,OneYear,No,Yes,116.93,6218.99,52,Yes
C00761,Female,No,No,Yes,None,BankTransfer,Month-to-Month,Yes,No,106.83,318.03,2,Yes
C00762,Female,Yes,No,No,ATT,BankTransfer,OneYear,No,No,58.0,1544.22,24,No
C00763,Male,Yes,Yes,No,Other,Electronic,Month-to-Month,No,No,100.43,2156.52,20,Yes
C00764,Female,No,No,No,Other,Electronic,Month-to-Month,No,Yes,103.43,4743.2,45,No
C00765,Male,No,Yes,No,ATT,MailedCheck,Month-to-Month,Yes,No,92.62,5664.58,61,Yes
C00766,Male,Yes,No,Yes,ATT,Electronic,Month-to-Month,No,No,118.95,5292.93,44,No
C00767,Female,Yes,No,Yes,Other,BankTransfer,OneYear,Yes,No,94.89,1425.22,14,No
C00768,Male,Yes,Yes,No,ATT,Electronic,Month-to-Month,No,Yes,89.18,5206.99,58,No
C00769,Female,No,No,Yes,ATT,CreditCard,Month-to-Month,No,Yes,122.28,1542.26,11,Yes
C00770,Female,No,No,No,None,MailedCheck,Month-to-Month,No,Yes,40.26,741.65,16,No
C00771,Male,No,No,Yes,Other,Electronic,OneYear,Yes,Yes,65.5,3874.37,57,No
C00772,Female,Yes,No,No,ATT,Electronic,TwoYear,No,Yes,83.38,2305.25,26,No
C00773,Male,Yes,No,Yes,ATT,BankTransfer,OneYear,No,No,118.46,6214.57,51,No
C00774,Male,Yes,No,No,ATT,Electronic,OneYear,Yes,No,87.29,625.14,7,No
C00775,Male,No,Yes,Yes,ATT,Electronic,Month-to-Month,No,No,87.26,3449.49,38,No
C00776,Male,No,No,Yes,ATT,MailedCheck,OneYear,No,No,80.6,3662.07,44,No
C00777,Female,No,Yes,Yes,ATT,CreditCard,Month-to-Month,Yes,Yes,113.51,6609.08,58,Yes
C00778,Male,No,Yes,No,ATT,BankTransfer,Month-to-Month,Yes,No,113.15,4075.22,35,No
C00779,Male,Yes,No,No,Other,Electronic,Month-to-Month,Yes,Yes,85.42,3624.7,42,No
C00780,Female,Yes,No,No,ATT,CreditCard,OneYear,Yes,No,96.06,831.16,7,No
C00781,Female,Yes,No,Yes,Other,MailedCheck,TwoYear,Yes,No,99.28,6525.69,64,No
C00782,Female,Yes,Yes,Yes,ATT,BankTransfer,Month-to-Month,Yes,No,81.71,4273.67,52,Yes
C00783,Male,Yes,No,Yes,ATT,MailedCheck,TwoYear,Yes,Yes,115.44,3400.75,29,No
C00784,Male,No,Yes,No,ATT,BankTransfer,TwoYear,No,No,71.49,2731.47,37,No
C00785,Male,Yes,Yes,No,None,Electronic,TwoYear,No,No,18.0,776.42,42,No
C00786,Male,No,Yes,No,Other,CreditCard,Month-to-Month,Yes,No,80.33,1993.69,24,No
C00787,Male,Yes,No,Yes,Other,Electronic,Month-to-Month,Yes,Yes,114.29,3917.66,33,No
C00788,Female,No,No,Yes,ATT,CreditCard,TwoYear,Yes,No,71.76,4131.82,55,No
C00789,Male,No,No,Yes,None,BankTransfer,Month-to-Month,No,No,42.88,2469.84,57,No
C00790,Female,Yes,Yes,No,None,MailedCheck,Month-to-Month,Yes,No,65.56,174.52,1,Yes
C00791,Female,Yes,Yes,Yes,ATT,CreditCard,Month-to-Month,No,Yes,104.81,7263.35,68,No
C00792,Female,No,Yes,No,ATT,MailedCheck,Month-to-Month,Yes,Yes,117.45,2402.04,20,No
C00793,Male,Yes,No,Yes,None,Electronic,Month-to-Month,Yes,Yes,103.86,7531.6,72,No
C00794,Female,Yes,No,No,ATT,CreditCard,OneYear,No,No,76.26,4518.24,59,No
C00795,Female,No,No,No,None,CreditCard,Month-to-Month,No,Yes,49.52,2925.37,59,No
C00796,Female,No,No,No,Other,Electronic,TwoYear,Yes,No,102.11,5941.21,57,Yes
C00797,Female,Yes,No,Yes,ATT,Electronic,Month-to-Month,No,No,85.02,5707.85,66,Yes
C00798,Male,No,No,No,ATT,CreditCard,Month-to-Month,No,Yes,101.86,134.59,1,Yes
C00799,Male,No,No,No,Other,BankTransfer,Month-to-Month,Yes,No,102.02,6488.75,62,Yes
C00800,Female,Yes,No,Yes,None,BankTransfer,OneYear,No,No,42.6,894.65,18,No
C00801,Male,No,No,No,None,Electronic,OneYear,No,Yes,31.76,457.43,11,Yes
C00802,Male,No,No,Yes,None,BankTransfer,Month-to-Month,No,No,73.04,2231.79,29,No
C00803,Male,Yes,No,Yes,ATT,CreditCard,TwoYear,No,No,93.36,2115.68,21,No
C00804,Male,No,Yes,Yes,None,CreditCard,Month-to-Month,No,No,39.4,706.85,17,Yes
C00805,Male,Yes,No,Yes,ATT,BankTransfer,Month-to-Month,Yes,No,97.19,6895.94,70,No
C00806,Male,No,No,Yes,ATT,Electronic,Month-to-Month,No,Yes,82.73,1395.6,15,No
C00807,Male,No,Yes,No,None,Electronic,Month-to-Month,Yes,Yes,80.03,2425.03,28,No
C00808,Male,Yes,Yes,Yes,Other,BankTransfer,Month-to-Month,Yes,Yes,114.84,5313.05,45,Yes
C00809,Female,No,Yes,No,Other,CreditCard,TwoYear,Yes,No,56.11,3822.39,65,No
C00810,Male,No,No,Yes,None,MailedCheck,TwoYear,Yes,Yes,90.71,6388.97,70,Yes
C00811,Female,Yes,No,Yes,None,CreditCard,OneYear,No,No,80.56,2359.07,27,No
C00812,Male,Yes,No,No,ATT,CreditCard,Month-to-Month,Yes,No,87.05,1437.7,16,No
C00813,Female,Yes,Yes,Yes,None,CreditCard,TwoYear,Yes,No,98.33,4730.19,47,No
C00814,Male,Yes,Yes,Yes,None,CreditCard,TwoYear,No,No,67.54,3745.54,53,No
C00815,Male,Yes,No,Yes,ATT,CreditCard,OneYear,Yes,No,65.34,1755.34,24,No
C00816,Female,Yes,Yes,Yes,ATT,Electronic,Month-to-Month,Yes,No,91.81,1482.83,14,No
C00817,Male,No,No,Yes,ATT,Electronic,Month-to-Month,No,No,112.31,3545.42,31,No
C00818,Female,No,No,No,ATT,BankTransfer,Month-to-Month,No,No,69.61,2303.51,31,Yes
C00819,Male,No,No,Yes,ATT,MailedCheck,Month-to-Month,No,Yes,87.62,4748.29,52,No
C00820,Male,No,Yes,Yes,ATT,MailedCheck,Month-to-Month,Yes,Yes,130.0,9384.94,71,Yes
C00821,Male,No,Yes,Yes,ATT,BankTransfer,OneYear,No,No,105.18,4681.93,44,No
C00822,Male,Yes,No,Yes,ATT,CreditCard,OneYear,No,No,83.82,4774.4,55,No
C00823,Male,No,No,Yes,Other,CreditCard,Month-to-Month,No,No,50.15,1810.89,35,No
C00824,Female,No,Yes,Yes,ATT,Electronic,OneYear,Yes,Yes,123.29,6303.72,51,No
C00825,Female,Yes,No,No,ATT,BankTransfer,OneYear,No,No,95.18,1574.54,15,No
C00826,Female,Yes,No,Yes,ATT,Electronic,Month-to-Month,No,No,87.02,4012.73,44,Yes
C00827,Female,Yes,Yes,No,ATT,CreditCard,Month-to-Month,Yes,No,73.61,4995.51,67,No
C00828,Female,No,No,Yes,ATT,BankTransfer,Month-to-Month,No,No,130.0,5749.82,43,Yes
C00829,Male,No,No,No,ATT,Electronic,Month-to-Month,No,Yes,80.54,2762.07,33,No
C00830,Female,Yes,No,Yes,None,CreditCard,OneYear,No,Yes,101.28,4792.68,46,Yes
C00831,Female,Yes,No,Yes,Other,CreditCard,Month-to-Month,Yes,No,112.82,5521.72,48,Yes
C00832,Female,Yes,No,Yes,Other,BankTransfer,Month-to-Month,Yes,No,60.82,2750.55,42,No
C00833,Male,No,No,Yes,ATT,CreditCard,TwoYear,No,Yes,115.79,1489.48,12,No
C00834,Female,No,No,No,ATT,CreditCard,Month-to-Month,No,Yes,80.45,5776.42,70,No
C00835,Female,Yes,No,Yes,ATT,MailedCheck,OneYear,No,Yes,73.88,2335.53,30,No
C00836,Female,Yes,No,No,ATT,BankTransfer,Month-to-Month,Yes,No,94.12,3608.04,37,No
C00837,Female,Yes,Yes,Yes,ATT,CreditCard,OneYear,No,No,90.45,3466.8,37,No
C00838,Female,No,No,Yes,ATT,BankTransfer,Month-to-Month,No,No,113.43,4153.26,36,Yes
C00839,Male,Yes,No,Yes,ATT,CreditCard,Month-to-Month,Yes,No,107.66,1216.99,10,Yes
C00840,Male,Yes,No,No,None,Electronic,Month-to-Month,No,No,74.22,1493.01,19,No
C00841,Male,No,No,No,ATT,Electronic,Month-to-Month,No,No,84.49,402.71,4,No
C00842,Female,No,Yes,Yes,None,BankTransfer,TwoYear,No,No,68.78,4693.8,68,No
C00843,Male,No,No,Yes,ATT,Electronic,TwoYear,Yes,Yes,88.22,6297.95,70,No
C00844,Female,No,No,Yes,None,Electronic,TwoYear,No,No,40.04,1562.29,36,No
C00845,Male,No,No,No,ATT,Electronic,Month-to-Month,Yes,No,102.14,4691.85,45,No
C00846,Female,Yes,No,Yes,Other,BankTransfer,Month-to-Month,Yes,No,123.52,5989.68,47,Yes
C00847,Male,No,No,Yes,None,CreditCard,OneYear,Yes,No,44.94,1263.93,26,No
C00848,Male,No,Yes,Yes,ATT,CreditCard,OneYear,No,No,57.03,1494.57,26,No
C00849,Male,No,No,Yes,ATT,BankTransfer,Month-to-Month,No,Yes,130.0,6250.21,47,Yes
C00850,Female,No,No,No,Other,Electronic,Month-to-Month,Yes,Yes,66.5,3990.57,59,No
C00851,Male,No,No,Yes,ATT,BankTransfer,Month-to-Month,Yes,Yes,115.05,5570.63,48,No
C00852,Male,Yes,No,No,None,Electronic,Month-to-Month,No,Yes,61.55,1238.96,17,No
C00853,Female,Yes,No,No,ATT,MailedCheck,OneYear,Yes,No,104.99,2765.5,25,No
C00854,Male,Yes,No,No,ATT,Electronic,TwoYear,No,No,85.84,2315.23,25,No
C00855,Male,No,No,Yes,Other,Electronic,OneYear,Yes,Yes,80.29,778.05,8,Yes
C00856,Female,No,No,Yes,ATT,MailedCheck,TwoYear,No,Yes,67.12,1115.48,15,No
C00857,Female,Yes,Yes,No,Other,BankTransfer,OneYear,No,Yes,45.34,442.78,7,No
C00858,Female,Yes,Yes,No,ATT,Electronic,TwoYear,Yes,Yes,108.42,2942.01,26,No
C00859,Male,Yes,No,Yes,ATT,MailedCheck,OneYear,No,No,54.01,1859.72,32,No
C00860,Female,No,No,Yes,ATT,MailedCheck,Month-to-Month,No,No,117.76,1495.7,12,Yes
C00861,Male,Yes,Yes,Yes,None,Electronic,OneYear,No,Yes,56.66,2146.96,37,No
C00862,Female,Yes,No,Yes,ATT,MailedCheck,Month-to-Month,No,No,80.29,3717.76,44,No
C00863,Male,No,No,Yes,ATT,Electronic,Month-to-Month,No,No,109.92,7088.07,64,No
C00864,Male,No,No,Yes,Other,Electronic,Month-to-Month,Yes,No,80.61,3065.75,36,Yes
C00865,Female,Yes,No,No,None,CreditCard,TwoYear,No,Yes,32.4,1823.15,55,No
C00866,Male,No,No,No,ATT,Electronic,Month-to-Month,Yes,No,94.61,6303.49,65,Yes
C00867,Male,Yes,No,Yes,Other,CreditCard,TwoYear,Yes,No,76.48,4293.37,56,No
C00868,Male,Yes,Yes,No,ATT,MailedCheck,TwoYear,No,No,71.6,4734.13,64,No
C00869,Female,No,No,Yes,ATT,Electronic,TwoYear,Yes,No,112.58,1470.17,12,No
C00870,Male,Yes,No,Yes,Other,BankTransfer,Month-to-Month,No,No,56.02,3647.82,62,No
C00871,Male,No,No,Yes,ATT,Electronic,OneYear,Yes,No,77.75,4603.78,57,No
C00872,Female,Yes,No,Yes,None,BankTransfer,Month-to-Month,No,No,57.99,563.47,8,No
C00873,Male,No,No,No,Other,Electronic,Month-to-Month,Yes,Yes,87.12,5679.37,63,No
C00874,Female,No,No,No,None,CreditCard,OneYear,No,No,61.23,1533.04,22,No
C00875,Male,Yes,No,Yes,ATT,BankTransfer,TwoYear,No,No,72.77,3724.35,51,No
C00876,Male,No,No,Yes,Other,Electronic,TwoYear,No,Yes,54.81,2759.35,48,No
C00877,Female,No,No,Yes,None,BankTransfer,TwoYear,No,No,50.99,944.17,17,No
C00878,Male,No,Yes,No,None,Electronic,Month-to-Month,No,No,44.28,342.78,4,Yes
C00879,Male,No,Yes,No,Other,Electronic,OneYear,No,No,77.63,3253.63,41,No
C00880,Female,No,No,No,Other,CreditCard,Month-to-Month,Yes,Yes,103.95,7642.81,72,Yes
C00881,Female,Yes,No,No,ATT,CreditCard,TwoYear,No,No,44.49,2044.53,45,No
C00882,Female,No,No,Yes,ATT,BankTransfer,OneYear,Yes,Yes,87.15,3700.31,41,No
C00883,Male,Yes,No,Yes,None,Electronic,TwoYear,Yes,No,75.6,2963.05,38,No
C00884,Male,Yes,No,Yes,ATT,Electronic,OneYear,No,No,98.21,3814.18,38,No
C00885,Female,Yes,No,Yes,Other,CreditCard,Month-to-Month,Yes,No,106.15,4422.47,40,No
C00886,Female,No,No,Yes,ATT,BankTransfer,OneYear,Yes,Yes,130.0,3305.23,24,No
C00887,Male,No,No,Yes,ATT,Electronic,OneYear,Yes,No,105.88,2203.04,20,No
C00888,Male,No,Yes,No,ATT,Electronic,OneYear,No,Yes,125.38,5314.08,42,No
C00889,Female,No,Yes,No,ATT,Electronic,OneYear,Yes,Yes,90.56,3148.27,33,No
C00890,Male,No,Yes,Yes,ATT,Electronic,Month-to-Month,No,No,127.38,3210.21,25,Yes
C00891,Female,Yes,No,Yes,ATT,Electronic,OneYear,Yes,No,96.69,2039.46,20,No
C00892,Male,No,No,Yes,Other,BankTransfer,OneYear,No,No,88.59,2797.0,30,Yes
C00893,Female,No,No,No,ATT,BankTransfer,OneYear,Yes,No,106.75,4602.64,43,No
C00894,Female,Yes,No,No,ATT,BankTransfer,Month-to-Month,No,Yes,98.33,831.75,8,Yes
C00895,Male,Yes,No,Yes,ATT,BankTransfer,TwoYear,No,Yes,86.12,1633.45,17,No
C00896,Female,Yes,No,Yes,ATT,BankTransfer,Month-to-Month,Yes,Yes,130.0,2726.73,20,Yes
C00897,Male,No,Yes,No,ATT,CreditCard,Month-to-Month,Yes,No,125.2,2791.41,21,Yes
C00898,Female,Yes,Yes,No,None,BankTransfer,TwoYear,Yes,No,76.07,4841.5,63,No
C00899,Male,No,No,No,None,BankTransfer,Month-to-Month,No,No,41.36,2079.2,47,No
C00900,Male,Yes,Yes,Yes,ATT,MailedCheck,TwoYear,Yes,No,60.78,3366.45,54,No
C00901,Female,Yes,Yes,No,None,CreditCard,Month-to-Month,No,Yes,41.82,741.38,15,No
C00902,Female,No,No,Yes,None,CreditCard,TwoYear,No,No,53.96,827.57,13,No
C00903,Female,Yes,No,Yes,ATT,MailedCheck,Month-to-Month,No,Yes,126.86,498.78,3,Yes
C00904,Female,No,No,No,None,MailedCheck,TwoYear,Yes,Yes,50.37,1984.67,38,No
C00905,Male,Yes,Yes,Yes,None,BankTransfer,Month-to-Month,Yes,Yes,98.51,3837.95,37,No
C00906,Male,No,No,No,None,Electronic,Month-to-Month,No,Yes,52.8,2201.39,41,No
C00907,Male,Yes,Yes,No,Other,CreditCard,TwoYear,No,No,80.59,5930.16,72,No
C00908,Male,Yes,No,No,None,CreditCard,Month-to-Month,No,Yes,68.56,883.1,12,No
C00909,Female,No,Yes,No,ATT,MailedCheck,OneYear,No,Yes,110.19,3267.15,29,Yes
C00910,Female,Yes,No,No,ATT,CreditCard,OneYear,No,No,97.82,4670.31,46,No
C00911,Female,Yes,Yes,Yes,Other,Electronic,TwoYear,Yes,No,97.43,3668.49,36,No
C00912,Female,No,No,Yes,ATT,CreditCard,Month-to-Month,Yes,No,130.0,3703.61,27,Yes
C00913,Female,Yes,No,No,ATT,CreditCard,TwoYear,No,No,61.41,2211.6,35,No
C00914,Female,No,Yes,Yes,ATT,Electronic,OneYear,Yes,No,122.59,4844.15,38,No
C00915,Female,Yes,Yes,Yes,Other,BankTransfer,OneYear,No,No,89.92,3460.21,38,No
C00916,Female,No,No,No,None,BankTransfer,TwoYear,No,Yes,63.9,2830.29,44,No
C00917,Female,Yes,Yes,Yes,ATT,CreditCard,Month-to-Month,No,No,102.03,5226.96,51,Yes
C00918,Female,No,Yes,Yes,ATT,CreditCard,Month-to-Month,No,No,115.96,6338.86,54,Yes
C00919,Male,No,Yes,No,ATT,Electronic,TwoYear,No,Yes,59.02,2263.56,36,No
C00920,Female,Yes,Yes,Yes,ATT,BankTransfer,OneYear,Yes,No,83.17,1979.48,23,No
C00921,Male,Yes,No,No,ATT,BankTransfer,Month-to-Month,Yes,No,90.44,2849.46,31,No
C00922,Female,No,No,Yes,None,BankTransfer,TwoYear,Yes,No,90.0,4625.08,51,No
C00923,Male,No,No,Yes,None,Electronic,TwoYear,Yes,Yes,92.99,6691.62,70,No
C00924,Male,Yes,No,Yes,Other,CreditCard,Month-to-Month,No,No,66.66,3887.95,56,No
C00925,Male,Yes,No,No,ATT,Electronic,OneYear,Yes,Yes,113.0,826.57,6,Yes
C00926,Male,No,No,No,None,Electronic,Month-to-Month,Yes,No,63.56,3517.03,53,No
C00927,Female,Yes,Yes,Yes,None,BankTransfer,Month-to-Month,No,No,90.18,133.09,1,No
C00928,Male,No,Yes,No,None,CreditCard,Month-to-Month,No,Yes,67.25,4452.93,66,No
C00929,Female,No,Yes,Yes,Other,MailedCheck,OneYear,Yes,No,68.19,2209.56,30,No
C00930,Female,Yes,No,No,ATT,BankTransfer,OneYear,Yes,No,126.2,5837.45,46,No
C00931,Female,No,No,No,ATT,BankTransfer,Month-to-Month,No,No,79.22,1106.18,13,No
C00932,Male,Yes,No,Yes,ATT,BankTransfer,Month-to-Month,No,Yes,122.32,5205.3,42,No
C00933,Female,No,No,No,ATT,CreditCard,TwoYear,No,No,83.62,1329.19,14,No
C00934,Female,Yes,No,Yes,Other,BankTransfer,Month-to-Month,No,Yes,123.81,2274.52,17,No
C00935,Female,Yes,Yes,No,ATT,Electronic,TwoYear,No,Yes,71.35,2639.96,35,No
C00936,Female,No,No,Yes,None,CreditCard,Month-to-Month,No,No,83.64,1178.21,14,Yes
C00937,Female,Yes,Yes,Yes,Other,CreditCard,TwoYear,No,Yes,59.67,1145.81,16,No
C00938,Male,No,No,Yes,ATT,Electronic,Month-to-Month,No,No,82.98,1137.1,13,No
C00939,Male,No,No,No,Other,Electronic,Month-to-Month,Yes,No,91.3,4257.19,45,No
C00940,Female,Yes,No,Yes,ATT,CreditCard,Month-to-Month,No,No,63.83,1569.58,24,Yes
C00941,Female,Yes,Yes,Yes,Other,Electronic,OneYear,No,No,37.06,1915.62,49,No
C00942,Male,No,No,No,Other,Electronic,TwoYear,No,Yes,64.64,3879.03,58,No
C00943,Female,No,No,Yes,ATT,MailedCheck,Month-to-Month,Yes,No,72.44,2128.32,29,Yes
C00944,Male,No,No,No,Other,BankTransfer,OneYear,No,No,37.19,317.87,6,No
C00945,Female,Yes,No,Yes,ATT,Electronic,Month-to-Month,No,Yes,130.0,4038.22,31,No
C00946,Female,Yes,No,Yes,ATT,BankTransfer,Month-to-Month,No,No,60.26,3051.68,48,Yes
C00947,Male,No,Yes,No,ATT,CreditCard,OneYear,No,No,96.31,5810.06,59,No
C00948,Female,No,No,Yes,Other,Electronic,OneYear,No,Yes,84.11,5073.63,59,No
C00949,Female,Yes,No,Yes,Other,BankTransfer,OneYear,No,No,55.92,515.16,8,No
C00950,Male,No,No,No,ATT,MailedCheck,Month-to-Month,No,Yes,79.13,4469.28,56,No
C00951,Male,Yes,Yes,Yes,ATT,BankTransfer,TwoYear,No,No,81.59,1820.8,22,No
C00952,Female,Yes,No,No,Other,CreditCard,OneYear,No,Yes,52.6,2597.68,49,No
C00953,Male,Yes,Yes,Yes,ATT,BankTransfer,Month-to-Month,No,Yes,130.0,5214.76,40,Yes
C00954,Male,Yes,No,No,ATT,BankTransfer,Month-to-Month,No,Yes,116.27,6093.16,51,No
C00955,Male,Yes,No,Yes,ATT,CreditCard,Month-to-Month,No,Yes,93.58,6411.75,67,No
C00956,Female,Yes,No,No,ATT,BankTransfer,Month-to-Month,No,Yes,102.72,623.47,5,Yes
C00957,Female,No,No,Yes,None,CreditCard,TwoYear,No,Yes,73.44,1514.74,20,No
C00958,Male,No,No,No,ATT,BankTransfer,TwoYear,Yes,No,117.65,6130.1,52,No
C00959,Male,Yes,No,Yes,Other,BankTransfer,TwoYear,No,No,54.57,2337.75,42,No
C00960,Female,No,No,Yes,ATT,BankTransfer,TwoYear,Yes,No,90.46,5446.51,58,No
C00961,Male,No,No,Yes,ATT,CreditCard,Month-to-Month,No,No,81.67,5702.82,69,No
C00962,Male,No,Yes,Yes,ATT,CreditCard,TwoYear,Yes,Yes,79.85,1955.61,24,No
C00963,Male,No,No,No,Other,Electronic,TwoYear,Yes,No,92.56,1527.22,15,No
C00964,Male,No,No,Yes,ATT,MailedCheck,OneYear,Yes,No,116.37,6308.97,54,No
C00965,Male,Yes,No,No,Other,Electronic,TwoYear,No,No,56.34,2460.03,41,No
C00966,Male,Yes,No,Yes,ATT,Electronic,Month-to-Month,No,No,119.14,2696.25,22,Yes
C00967,Female,No,No,No,ATT,MailedCheck,OneYear,No,No,71.02,3058.56,43,No
C00968,Male,No,No,Yes,Other,MailedCheck,Month-to-Month,No,No,65.72,3086.99,46,Yes
C00969,Female,No,No,No,ATT,CreditCard,TwoYear,Yes,Yes,73.67,3858.84,52,No
C00970,Female,Yes,No,No,ATT,BankTransfer,Month-to-Month,No,No,54.64,687.02,10,Yes
C00971,Male,No,No,Yes,Other,CreditCard,Month-to-Month,Yes,Yes,114.76,2737.67,23,No
C00972,Female,No,No,Yes,ATT,MailedCheck,OneYear,Yes,Yes,70.14,3529.04,49,No
C00973,Male,No,No,Yes,ATT,Electronic,OneYear,No,No,89.83,2231.65,23,Yes
C00974,Female,No,No,Yes,Other,BankTransfer,Month-to-Month,Yes,Yes,84.69,2291.73,26,No
C00975,Female,Yes,No,Yes,Other,MailedCheck,OneYear,No,No,60.98,2331.8,35,No
C00976,Female,Yes,No,No,None,BankTransfer,Month-to-Month,Yes,Yes,81.24,4448.32,54,No
C00977,Male,No,Yes,Yes,ATT,BankTransfer,Month-to-Month,No,Yes,130.0,3512.38,26,No
C00978,Female,Yes,Yes,No,None,MailedCheck,OneYear,No,Yes,58.23,1181.8,20,No
C00979,Female,No,Yes,No,Other,Electronic,Month-to-Month,Yes,Yes,111.17,1686.88,15,No
C00980,Female,Yes,No,No,ATT,CreditCard,Month-to-Month,No,No,70.2,2971.25,40,Yes
C00981,Female,No,No,No,ATT,BankTransfer,Month-to-Month,No,Yes,114.21,4102.49,35,Yes
C00982,Male,No,No,No,ATT,MailedCheck,OneYear,Yes,No,106.9,4352.76,39,Yes
C00983,Male,Yes,No,Yes,Other,Electronic,TwoYear,Yes,No,84.06,3580.48,41,No
C00984,Female,Yes,No,Yes,ATT,Electronic,Month-to-Month,Yes,Yes,107.64,6280.54,58,No
C00985,Male,Yes,No,Yes,ATT,BankTransfer,TwoYear,No,No,59.79,2199.46,36,No
C00986,Male,Yes,No,No,None,Electronic,OneYear,No,No,22.39,864.28,30,No
C00987,Female,No,No,Yes,Other,BankTransfer,OneYear,No,No,51.36,2092.18,40,No
C00988,Male,No,No,No,Other,BankTransfer,OneYear,No,No,69.55,4021.68,57,No
C00989,Male,Yes,No,Yes,ATT,BankTransfer,OneYear,Yes,No,86.38,3678.86,41,No
C00990,Male,Yes,No,Yes,Other,Electronic,Month-to-Month,Yes,No,105.99,5148.94,48,No
C00991,Female,Yes,No,Yes,ATT,BankTransfer,Month-to-Month,Yes,No,130.0,1882.54,14,Yes
C00992,Male,Yes,Yes,No,ATT,BankTransfer,Month-to-Month,No,Yes,130.0,7593.99,58,No
C00993,Female,Yes,No,Yes,ATT,Electronic,Month-to-Month,Yes,No,95.12,5453.68,57,No
C00994,Female,No,No,No,ATT,MailedCheck,Month-to-Month,No,Yes,63.65,1378.82,19,Yes
C00995,Male,No,No,Yes,Other,BankTransfer,TwoYear,Yes,No,104.43,6689.71,64,No
C00996,Female,No,Yes,Yes,Other,Electronic,OneYear,No,No,52.21,1150.03,22,No
C00997,Female,Yes,No,Yes,ATT,BankTransfer,Month-to-Month,Yes,Yes,121.12,7032.14,57,No
C00998,Male,Yes,No,No,ATT,CreditCard,OneYear,Yes,No,108.93,5879.53,53,Yes
C00999,Female,No,No,No,ATT,BankTransfer,Month-to-Month,No,No,85.18,3947.66,44,No
C01000,Male,No,Yes,Yes,None,BankTransfer,Month-to-Month,No,No,30.66,957.84,28,Yes
