Class_label,Alcohol,Malic_acid,Ash,Alcalinity_of_ash,Magnesium,Total_phenols,Flavanoids,Nonflavanoid_phenols,Proanthocyanins,Color_intensity,Hue,OD280_OD315,Proline
1,13.256536367895453,3.7754542402810967,2.5490959764114103,13.865181274619038,116.8311620548361,4.240623090028338,3.9298680397070553,0.1684504027236789,1.570720830450949,8.4185574201455,0.9609262748133708,3.4717972111394353,1328.8692414410784
1,13.92368323386225,1.5506391004597557,2.2730342387177456,19.11414289952606,96.55496186986166,2.8872337165647988,2.5405551489760927,0.3283183860597113,2.126890231595125,7.89559107290801,0.9885977041603354,2.9864850440005073,822.1372861389132
3,13.060244705009849,3.4352963348688723,2.315028803638384,19.44449259303667,101.13821664411932,1.87445388581054,0.32112839669957627,0.5669839141771643,1.1745082723776656,7.359922401286155,0.7608214423256556,1.7826150977559407,803.0490970774298
1,13.075173143202216,2.5019191715065054,2.1695486944554587,21.626961502294428,119.82100057984431,2.5303440696108948,1.4039162332363926,0.398309789933233,1.8221129052282197,8.352221191299492,0.8367801277687886,2.7624249843914344,1106.515429218555
2,11.657328149260005,0.5506807719854727,2.0280302884168435,20.129355910601515,124.56787821985455,1.9304898985204675,2.263365204696396,0.3585219393534523,2.172312703989561,8.464403500264716,0.9716044349787647,2.6010195177646134,675.9332576998443
1,14.121135287866476,5.8627314906547205,2.5855959123524968,19.880269756853306,117.2442401567273,3.2699182258618267,2.689952294930882,0.3507175376394614,1.374478854114451,4.99005357663278,0.9920491033039256,3.2256744147826995,1773.936325768644
2,12.515397681859183,2.69608027838469,2.5958106349264494,19.905485384556957,91.47716269706945,1.735889403151457,1.4963773415509023,0.33961689972886255,1.7700090983399273,5.205440944991164,0.9416503154251621,3.7308324843069274,469.4335946363167
3,14.099194465784837,2.0118934372351793,2.4960432210900896,24.732496560811786,80.03011058936936,1.82064680340435,0.5732026726667013,0.43266295942085187,1.335163534073801,5.214150888158539,0.6224291920838387,1.6950270636947307,413.3360256772047
2,12.48950197751334,3.458468426412532,2.3872723693239912,22.037908904025773,112.61072150585032,2.0129255260468417,1.4873769428425254,0.265967172538107,0.6264852712057593,7.513538402479451,0.9086470797706149,2.7538854345561097,468.54031191743945
3,13.378214365553387,2.5805776554458566,2.43230070504122,18.0275057849897,100.4867872106175,1.6653788041164372,0.700509751372808,0.4284316239704962,0.53253434362085,4.953406391178323,0.6992844901141114,1.750336812478856,424.71404808314196
1,14.350808098251143,2.8235096360006384,2.7472053375739525,17.082719642498226,114.13472246190145,2.6352239406483187,3.2782330442893666,0.2795885556505852,1.9659572561950482,6.886958017996163,0.9454491043473139,4.592823347466113,814.2609767465862
3,11.81249532416277,4.904782660885349,2.178853539827476,19.433690608077885,92.85303157256855,2.2847527609951594,0.0,0.7223973680293994,1.5901804512637785,8.226532995907638,0.6845105999383713,1.805643792937369,720.5343838204536
1,12.843848012175782,1.3581638921978407,2.470427707689611,14.87036245313728,101.9445301294531,3.5041532540815306,2.449259480038703,0.3568553689652113,1.1317993388328196,6.737953525646844,1.2618196068921061,1.489281739913443,874.6972711690322
2,11.916491528542771,0.3352969327332045,2.388944030905218,18.460779195529213,75.47617720063762,0.6589784048279093,2.0799141193130355,0.519502643700277,2.4040170151284563,2.436665561695731,0.9637566733602042,3.1472013259627634,355.25348604743823
1,14.025134860999339,1.126142563798867,2.4938195233080163,17.17610388329946,93.27584949579598,3.076139657829867,3.4959217642587754,0.37664409945402216,2.616585395383734,2.3889138410578328,0.9287044944118829,3.5202239817018888,1253.4841398136284
2,11.26847108059444,2.3296879517526414,2.05110650080037,18.474420282955812,104.56018815058434,2.878672858574163,2.115528251017325,0.3877949711339067,2.4240853228712664,3.846321422566908,1.3161851425598434,3.20234049800998,235.5602468125366
2,12.626790081211709,3.126631486645651,2.0631629577473793,19.792382663312452,95.09323650471549,1.7861549109355903,2.573244716706017,0.34911466662529966,1.7955708975144438,1.5672658008397578,0.9818795869644249,3.2917573739618295,453.4651951215926
2,11.270148448937693,3.0908267873785196,2.104366651619552,21.39732296498059,94.0729952137607,2.4676020467004856,2.1560799804739865,0.24453069982302872,2.0781707415290986,2.3626117020141484,0.8587759911474274,2.6359743582494297,747.6192871295868
1,12.875178252161547,3.1528228145150203,2.6254252671910905,19.015490187078047,95.94570139169613,3.765844245217825,1.6902970222311016,0.3369485675040216,3.3895098255507854,3.271577178702031,0.980718317855612,3.237762928259596,959.4955359604185
2,13.627031803962055,1.5303638143853977,2.305158570468047,23.35485337845612,71.36186346262899,1.259163241530381,0.9862708903638309,0.4736325693084464,1.3195895085127012,8.527562557049869,0.9679327641476873,2.985194242822311,754.1112625531565
1,15.326518626100741,2.643919022318011,2.0144686309353266,17.498000330071264,98.77578070769732,3.4026060009655077,2.250880920641915,0.28082108468264805,2.2433913497067106,7.503921842707877,0.8919585030121914,2.942539159628155,967.7408050744837
2,11.849266025460842,2.5629318177555107,2.298847676046877,15.177414655909244,120.47668613402581,3.1797739434715817,1.6526642559463982,0.3251068596057614,1.7300740414552036,4.03560271577379,1.1024398699940114,4.025816587096819,484.21928528343426
2,12.418606780727938,0.5946556412898987,2.3502573767917294,22.27935638924797,104.12012981773802,2.7936215917994955,2.7087631728207002,0.4013262071305593,1.555618801385263,0.004858914297697137,1.0772580041045845,2.9983819816829733,554.6378774396736
3,13.174552310835972,2.544556232785056,2.4575744569742146,26.48847907508795,97.24060289767608,1.9966934945452,0.23389262811539968,0.3539207260863792,1.3800662600369358,13.572651960992491,0.7255613348785659,1.542254466569812,620.8646584358606
3,13.022269628354241,2.5347774324814316,2.6242608064546022,25.384260622954137,92.80140854739244,0.8587224214013288,1.2232308866298767,0.37838331568159966,1.4946252156985966,0.0,0.7792597338299309,1.1470843511164563,760.5759467417062
3,13.671374539334783,4.073849525839309,2.289191857811795,19.66376291178589,100.41412224063994,2.3615688666578825,0.2571839574688226,0.30792272608228044,1.269313902845146,7.495763855869517,0.7073341664370407,1.7873394070797402,578.3683693647522
2,12.73403620870552,1.703515901150168,1.961762621350191,18.996829367922683,112.87967714230132,3.227676605204689,3.2265677756386983,0.3160035520392353,1.0413874576883846,3.644590218760632,0.8354716697880864,3.0642055970853255,488.826393951109
2,12.664111985926356,2.219168643907818,2.9520370405741594,18.109948452600605,86.05669042516989,1.8735041157306271,1.6945017030130143,0.3026351585424134,2.1726181002427003,6.229418580939507,0.9672179076875577,2.40555732333059,586.0122423526655
2,12.871964300033676,2.2111914239693755,2.270218320146044,20.030938952815593,82.36434640836784,2.058435458491942,0.8641415256373688,0.3511494335884725,1.1055903574960504,1.1307495792241427,1.0497883566268826,3.6734413032164213,656.1757071423631
1,14.556443392692227,2.1242276486620395,2.4930663875216132,16.117333347343223,105.68911152086821,3.043149167468759,1.4066450787559044,0.18214516623154292,2.405419583935446,5.919573198931707,1.034242332910625,3.182535074484467,1205.4511128495228
1,13.875673084246381,4.199802933217672,2.2821743772218666,14.922298176126253,99.48894206257484,1.4382288219555273,2.4963053800536996,0.22926938707570416,2.002267774803821,6.309203624771923,1.3226639174902242,3.816288209966514,938.2748435135655
2,13.291655746317664,1.9071319377011178,1.950202352634476,18.554051763097753,108.7706676389154,2.505236126828745,1.9255795676061231,0.3269858029366781,1.3980385069685273,1.4967314273130248,1.2076913258416386,2.696277332549536,703.0938877696029
3,13.3729224807029,2.3360916352971586,2.444812208892818,19.950081073906468,99.15333738367946,1.9203650691216279,0.7927615760187033,0.4007252698526088,1.1705404705867009,6.905341052969378,0.6529988970117871,1.566129732426475,926.341609566401
1,13.77476563938591,1.5599345285207562,2.59702698511645,14.35027272224969,104.71260248620662,2.919395116929853,3.453283727334049,0.34692919024711116,1.1352433775502488,2.0322196907227816,1.2388747550657913,3.395973528146122,888.687390935156
1,15.12067313824712,2.4838329209117873,2.197913230615417,18.677949557670914,95.19938850930171,3.359475838470018,4.045907932686812,0.22434541453186313,2.555095767886139,6.471140513415216,1.1750884223992286,4.459819228204684,1034.0828344751703
1,14.1670333741136,1.8069546139570072,2.541652092141688,15.513997181343292,107.32972127081526,2.737253024641227,4.054359496727023,0.31035366746409704,2.1295698102111373,4.590920517240774,0.9917351286298509,2.8758604322826575,1218.9966691473278
3,12.137138098160356,2.3241202539453427,2.264755825291068,23.819496948645526,102.15616480638087,1.7651795610017194,1.1558861237322282,0.4276365390440543,1.3505673459744,6.842339767566216,0.7165362349399628,1.4235861906509037,155.18592276920202
3,13.096839764802192,1.474146736201557,2.5120111927379205,21.546602090922022,83.51014174580015,1.54394800609806,0.4665727455960493,0.4687257059377262,1.692562160568332,0.0,0.7015026079147416,1.609541569950678,749.2259546020389
2,13.226216205983762,2.0717169136399045,2.9126055665946913,21.5536815835772,98.03033336907492,2.0430771093306492,2.197484860491066,0.34627771472575103,1.9369732515774094,5.29253867992506,0.9435411593441256,2.1211972164720665,223.71575642278242
3,13.057947836738409,5.104207688763926,2.5452430804483184,24.08069078077666,112.7096570243794,1.7190093400230324,0.8748457541844061,0.3844113294109085,1.096213771830262,9.890869675029641,0.8103884437168816,1.6186436387003602,535.0138504133804
1,14.867111817179547,2.5489100436846583,2.2318058460481796,16.552249918010144,96.33168336381223,1.927352177563538,3.83208334372911,0.4427533312376104,0.9489740498029838,6.813569859654502,0.9689100403229443,2.8387547390400067,933.7981558949668
2,13.056917194928536,1.1732049114305392,1.8276749066448654,25.254454397531326,89.50642186877423,2.074550171114274,3.0695817235498124,0.4100607008460594,1.8133850083199878,7.733304736700189,0.9592129946581843,3.408868873006305,520.9510606088422
2,11.468873376842085,2.5427739050625697,1.93450948667964,18.15661167127601,126.54635922003396,2.107031503587793,2.2587259974211977,0.43830609576198787,1.8328841251065764,3.6638461883900244,1.0701457102712848,4.2499468835858165,502.9538488657271
2,12.811875361908521,3.7767073257360337,2.4093391737445295,19.03996441677122,104.63124399626463,2.80869993351477,2.698951992274076,0.4056546627996568,2.1126705978986857,5.721977092700259,1.182037489014128,3.249764635926096,485.76246139025386
3,13.357844597466128,3.1734571605765205,2.5221616546319563,23.58731262798485,80.35591341009813,2.253909706866387,0.0751284451446601,0.5329291583907492,1.61561384925793,2.65430233588756,0.6489185712045414,1.1934899458661883,579.9500832148516
1,12.888264752707496,2.3856980183456717,2.3278594882178627,16.297848688018878,99.462493422218,4.062503601775899,2.9675825532411007,0.20538312568352796,2.4593305402301686,2.7464764780660698,1.0892409033006658,1.8374243157617525,721.1542318683536
2,11.758889446158422,2.9220423495365226,2.1892616705583317,17.715811167293896,103.73460300952587,1.7248272898328398,2.1205722448794635,0.35917929030202167,2.1220888272574734,4.318890430417505,1.0272470345380342,3.3461267905441634,730.2625851957182
2,12.417624413116235,1.5629721609166776,1.9999988360118715,20.52772056937489,77.09537796151835,0.6324707389129118,2.418688657035098,0.44135413569775755,0.4321631065844993,1.3203439764859262,1.0981069687105718,4.052772417735668,515.2646121050391
3,12.55776086004003,2.95812770324759,1.9812770666092427,21.922152940160334,99.32306735292651,1.320481002329996,1.0734756374259342,0.5243813123863903,0.6312784488271693,4.046046938879252,0.6130857650212701,1.2664426355120995,779.429694808964
1,13.337865669361014,1.2971542173228354,2.483414650092217,16.390007184273653,123.53063985950013,1.0903599264606119,3.9841863037686647,0.3896868153998103,0.4900946419624581,4.748672285496805,1.0079982787605892,2.2128920475918816,880.210977286237
2,12.10764794441286,1.9568858389945307,2.3004310143047904,13.42060553946287,90.7567425454589,1.8417285060811888,1.3688173927767118,0.334700973640264,2.470866398156266,4.6545025797593595,0.9671703111238924,3.2063721853730103,731.6988035440023
1,13.340577836571073,1.231695274597687,2.50308595612149,14.574284328186272,111.00632899781641,1.7162948212030251,3.9268231863395924,0.32780779859304343,2.0741002193334355,7.770535443395772,1.2931664222247607,3.8597716442123287,572.9873471451546
1,14.045569276163961,1.446275447196025,2.279111512975385,17.6416549008447,109.1399679077727,2.505417504255054,2.546644758831143,0.30856399498861087,0.9153026477818195,2.3209825944214546,0.959417809024659,3.0248559368359436,1194.8522864578233
3,13.488261133952195,4.332507811282326,2.5108582659627148,24.722181376132223,106.98801370365953,1.8346372113182965,1.2501646024760638,0.4376130866675846,0.8925251255580215,6.588596072878442,0.6155097355193551,1.382921559011272,593.396933893336
3,13.322029437460644,2.407558028643864,2.2961892128666763,19.025405790973984,110.97391738240881,1.6893771254156544,1.6075119948737933,0.43454052675668414,0.9549735639122334,0.8618509753216133,0.5096860323744055,0.9829801850775844,672.0211903431933
2,12.702340927999733,2.6891551603026467,2.0728119837892516,11.585918744236,85.80419193693888,2.4215741629173753,1.020394554794886,0.376502392780124,1.5824981739052322,4.530168829194198,1.043153840525557,2.3253507036975134,699.8617257613251
2,13.634051766468893,2.1279107834626476,2.05108877895181,18.623821314258564,89.54504857630205,2.439049611057035,2.481669906265915,0.3083669996455279,1.5780662497921185,7.687386124395964,1.2200297487110783,3.128704491714198,517.9665460724075
1,13.34742915076821,1.4341817593553197,2.3994886266266384,11.252177876513684,89.02136615907055,3.7421370165133863,4.4933702964211815,0.27007711683548974,2.292058734877921,6.239650352359263,1.4910433131837335,3.9313109397755124,1068.0318160620584
2,13.644669859685813,0.6861367646087149,2.039057492639187,17.840519732998878,109.66994768219993,2.050727173722305,3.0108517130518258,0.29938584381805183,1.7267071394896631,1.67259895241529,1.2659664040550727,2.203068901153178,560.6418515056433
1,13.627679029673669,2.5983172064845763,2.5218182109017073,15.467024205250311,103.96116267841634,2.5146193831251704,2.4377844236113253,0.35796816776168194,2.1427705304562323,3.950166122805709,1.1859439825606553,3.3789636741960942,1339.9171523444595
3,13.586298780435342,2.973604405643841,2.499390880902147,20.35193806440025,112.0266710714392,1.8426425645671614,0.7438600780781817,0.480294523322925,0.6444845852553402,2.5025059318224256,0.5706074993600944,1.742894961696031,951.9103649016525
2,12.33928420530168,2.4687559924463693,1.973004658006984,20.8056651522805,71.43888793125353,2.1499379268717016,1.4401474217307035,0.293802305166921,2.195685655853114,5.564446443600423,1.0970051932997895,2.25738172413663,462.3238733979161
2,12.39443667541799,3.136508966508357,2.003088655413702,21.47136885163549,88.33630926785891,2.2255222043848013,3.033269859703328,0.3771989161217913,1.612753908596513,0.6130905952205628,1.1120878922629942,3.247925983250413,851.6309915589572
3,13.102277222031683,2.943389071163993,2.390351598449748,18.913139872321832,121.96059974317134,0.9726291480680541,0.8694384489251615,0.6221245597306675,1.2124479440415992,6.474234491593664,0.6542554577189572,1.6006276600245406,883.2140586632172
1,13.876629055313906,2.2698827942484234,2.6320010317910083,13.925253715696016,91.24718091244672,3.1844814333071523,3.2532258993745313,0.3100394280276701,2.1355847824579435,3.9795436348010416,1.0925155176025405,3.3692892818431033,898.5524401903797
1,13.807902974636272,0.022431085399106987,2.4116721846757474,17.926352554494486,123.23232893139553,2.4979416559393925,2.2361858853382675,0.24985943651323705,2.5224734400374103,6.27955253002408,0.9858335714726146,3.519021854517082,1133.0554117615836
1,14.831763600542669,2.867659623202019,2.424813523408046,16.982269318164253,94.88108936218985,2.8277813302450223,2.714434052193473,0.31581748482704713,1.3374829583844203,6.714110052469873,1.274583447820361,3.0960430990493366,1221.0946876865942
3,12.925893944018837,4.306779060013981,2.6220617492239215,25.315612536967173,93.21609859189121,1.5879423755524078,0.06612157734499147,0.367471694015343,1.5573465879150847,14.130071171844502,0.5665651128120077,1.4193157259727265,615.9565004208449
1,13.23907771977359,2.6216762888408676,2.6868198949491093,19.36751309898166,96.74774370956524,2.6359198319381982,3.284762356891279,0.3680436101697887,1.5741615182652027,5.106697533206497,0.9051131036391561,2.3565794956251436,1339.8199626719233
1,14.887852461886666,2.1256746342928583,2.719445380494042,17.199471388339376,129.8943487814011,3.998524956012515,2.7509529833992525,0.36772567607634843,2.3388556457179,8.650479951173756,0.9249107155187855,3.6365149927989386,1410.884676699531
2,13.558511108246371,3.6077008140764404,2.0794594099046817,22.140403484478817,121.81624807900857,2.0052710198667567,1.951386337125276,0.30764871774462205,1.0927692019604953,2.0484593589666655,0.8953665706561518,2.8994275769077587,391.11420272379326
3,12.209690122183014,4.089599004680655,2.5364666124646815,20.012500744769056,94.214743118287,1.7969864210469013,0.602210513502544,0.43404806468367596,1.9658998440999453,6.232611028836974,0.6541659847978777,1.39508160552053,763.140666556488
2,10.806158229862485,1.477693680750923,1.5370749952776028,14.949764569557683,107.44246670574955,2.634332085671449,2.410584020103024,0.2729721471183708,1.56662143549043,3.352722871037052,0.9025798841888203,3.7369370320072757,649.7458796203804
1,12.592509061011063,2.0785629748060273,2.226293182980257,18.21871700089431,95.83098100270763,3.862956707311576,2.259406971050662,0.26423507870354596,2.453191707811375,2.7236293585305824,1.091844390844578,4.058857072912051,640.4373452118052
3,14.855788111106401,4.131183365786539,2.4601688949888914,16.140964302981637,93.4274160108832,1.333375149160375,0.5230355327520202,0.42486705632736893,1.040047392029034,0.0,0.7647910256117534,1.207993068674485,666.6961510452296
2,11.712157705841275,1.7471035588951598,2.638714161552974,18.08247964172405,81.6153803698718,1.9493184980217024,1.4040701159711402,0.3710403284395316,2.386092444650085,4.012620131694378,1.0022411147661083,2.71366757671814,266.5790430346249
1,14.107568473228312,1.8717356988288152,2.6024914783821522,20.852804939584146,103.66362692691227,2.6854696084135408,4.432875790266801,0.3513947783322327,1.5807574175642325,6.7670368993759995,0.9951215230062553,2.8533037675722253,1174.927096482584
3,14.121937959057172,2.2659431882140186,2.5538914401053474,22.536047818571735,92.30489596129318,2.461136792748185,0.27673616234471365,0.5227238756249002,1.5702096344954721,4.436570313515025,0.8292465300064329,1.5699795335764608,676.1404831924527
2,13.888769437009653,0.8624670857457271,2.2470236424351,24.956816655087533,93.53113856097094,2.454280769974856,1.324452724452778,0.39854763874868837,1.4982993101477713,5.351174591273323,1.1606124656721226,4.35605127595061,603.0024081945314
2,11.496770201933387,1.1622024348958715,2.2299413826578336,21.022277206671976,120.5262881610011,1.6708888180010528,2.818555350887906,0.3407410040197042,1.565762782270308,4.72313537417654,0.9065005776281472,3.097973555324909,538.1329966894498
1,13.981926256585481,1.7908994711911355,2.6424692278603676,11.48005037439021,109.03307439918092,3.348771027965398,1.6197006538825458,0.3815003234565543,2.1301775570962014,4.583143556306173,1.14858946125488,4.714071143306989,1157.559347711905
2,12.462353011196782,0.37410435379637264,2.3359552673421926,23.023986731773807,61.83373775901669,2.411990547717689,2.9961983645055033,0.2511323083177915,2.409560469550475,4.2064183989194115,0.952448695866575,2.8482116257351073,599.6573252659105
1,14.250706553866223,1.6087795281141635,2.5093003459982914,17.061606925962305,107.45643780641315,2.329813542655392,3.0025493603182274,0.32983986329963594,2.886777653300628,7.717137483474271,1.361445544051618,2.6482036572361265,1357.100664012276
1,12.504640091970185,2.5533601923799347,2.3142227730319136,18.46220265816883,97.61594784071903,1.6487778135614173,1.4826609571474902,0.29384679573291056,2.0766113011706078,3.468158094761949,1.1494029442288325,2.040166357657107,1085.9029381909254
2,12.534121126934089,2.124384301577336,2.1375817750849007,21.370536037162047,89.95815264809767,2.3009689271855915,3.0618462009938106,0.2694111691248323,2.1485404949532323,6.020572436026528,1.0170124620309813,1.6705427075651011,416.5719480261741
1,12.841500426537078,3.1681108735000674,2.634165792671846,18.59654074080091,113.52198917089072,2.8319171299210364,2.154525978233035,0.29606436465549807,1.439530036171764,7.753272992192473,1.0394119665897006,2.608661906181092,1012.119491762285
1,14.205925343023473,1.1810049890779275,2.3367601711566666,18.90570694885939,113.3165321339045,2.826204947983662,3.0879411926440796,0.392213191663074,1.4977314555916355,6.777382029067686,1.031693028659255,3.02197678180549,1422.546510224298
3,13.412305051232451,3.576219602926042,2.501890363427808,20.06015411646455,104.87206685222874,1.5657994618630764,1.1076885067816264,0.49538307356117484,0.8732420672639456,11.884564172582138,0.6364036554885951,2.035545431243704,691.1518768596561
2,12.483325537342647,1.37969484615458,2.0452292232979654,20.15464940288857,114.27039255893507,2.5035440834809934,1.8294515375771427,0.429452883958351,0.19421411589126314,5.680506714751649,0.838631484334409,2.6734086634002145,336.21182654369545
2,12.373624434840243,2.5435179727304167,1.9433901560924627,19.380362365006025,67.21824773658712,2.425580486206851,2.572453035983001,0.31651321839305635,2.361253514012116,0.8839533607352705,0.8689187631769197,3.007937536579184,676.3944335101082
2,12.847551044036845,1.9819458858072994,2.452465622392518,19.970406622437334,96.15219875163446,1.1309716303526618,2.7689192025328113,0.39118396283081935,2.0790249538312295,0.0,1.25972121752588,2.8004339119515507,685.9847022277901
1,13.100646830436936,2.0585216279448266,2.2771909743895717,17.708846632707395,105.76577840899637,2.6822942890681696,2.14504143092173,0.24385829355453337,2.413666033561514,6.672091187783588,0.9231422657282029,3.2375459676918736,1322.150878654447
2,12.715092038954452,1.9403526198433805,1.859567492618454,16.682520365328255,89.7954788958867,1.880863410833987,1.9635109488206246,0.3650984932407396,1.8495494496347982,3.2175924683206354,1.0835151808208823,2.9167504164417686,201.8517490824422
2,12.436857256437674,2.980654396007612,2.5606025205578153,24.20468122057167,105.42737247680328,1.5927773471255389,3.2924050185798004,0.2568289146283181,1.7382913779671263,1.8363627829608968,1.0229447818747708,3.0673945738729835,562.4530828256928
2,12.26333351040822,1.1827883208521766,1.5369703245208473,23.192711623845906,107.05213493585069,2.058083119156165,2.1489032235741568,0.40643452959336895,0.8243525301255942,2.2913135917604843,1.117369114758401,2.1650550287935277,558.0885953501609
3,13.860454085062589,3.1818390907318577,2.6622309860494693,17.145125769552024,99.17895580534876,1.1289468844582276,0.9463617095287362,0.519819865108757,1.0585257542748208,0.0,0.7098948146796494,1.8721649627627441,698.2202981976842
3,12.47552824166762,4.131605987754395,2.294276304850203,23.041147927206325,93.41180421708215,1.6083711213281906,0.8075952454201601,0.3498031289796675,1.4766967643512452,5.103974478160479,0.6671400084659981,1.2424862751722545,131.59427117009568
1,13.698867343526263,2.28996862631982,2.212392409594357,23.168837468838234,107.81699810997685,2.912200564439229,3.647705293986797,0.32848073853893706,2.052241136509809,3.7277182415846895,1.1260055699990394,4.449776657603023,1493.8263933387884
2,12.774345967127037,2.343799097451498,2.1862665789254647,19.806398862890354,95.57551797597405,2.130618919120616,2.8036317552602843,0.5589470701432215,1.3168290253461616,0.5929979812502628,1.020288974681362,4.350434322462961,385.82309282875224
3,14.203980494323847,3.169563841861662,2.550574909440588,25.937238600427413,113.56367267685107,2.4015843929234126,1.1091148211609136,0.44678902750114335,0.6332923077170194,6.236695050329018,0.6056753404683808,2.635214795699038,587.4058098254237
3,14.134049284202865,4.031536915299155,2.1377084086125935,22.017468714099852,104.71072375370515,2.1816655769493574,1.4696324952244006,0.3486415227354918,0.9180912959642782,1.9478698782020274,0.6665980140893019,1.8851976847563872,809.5808926685185
2,11.284136110860159,0.8489434595917376,2.5454143274665424,20.10788578611877,106.13565154849066,2.225291923110449,2.121721981831894,0.44444554253783974,1.337138083173487,3.5541639694207863,0.9791497182424453,2.63233715036358,463.4599766154236
2,12.469804770471699,1.68876394214367,2.3420960649891462,16.059858323203915,118.75874184345317,2.165638363668013,2.9156259570593335,0.39084528117399336,1.8138090773853541,4.510929906069052,1.0792479416019047,3.2463519731245,720.6769472307917
1,12.438532780046895,0.8267414873342247,2.011368920892778,16.353788845544162,114.54150798374785,3.8315556543833784,3.048167197986193,0.4202892436457033,0.9615310084138737,1.646288038270248,1.0522233221544735,3.431164505278729,1095.551217800807
2,13.122437491257426,1.4826781043412487,2.611494744903183,20.466637405161524,108.97193206002395,2.4717557213390164,1.4821596418566623,0.3020805150914284,2.094680800614769,2.6837538291447873,0.9855986690433803,2.335580129770869,578.5050532981734
3,14.557019594364293,3.0629021818589033,2.2901366407763604,21.254265731102205,96.02353115407645,2.031974436854502,0.09498643837226728,0.3451685822768281,0.8255909482314905,11.30930418996796,0.8610613372581924,1.6340423438435125,588.7550508707079
3,13.54663101765475,1.3793235294801545,2.539007662815223,19.923614781668526,100.90123624992336,2.3893770764323867,1.1756409058221786,0.4158322416884751,0.8891707988504964,0.0,0.6180846680757579,1.5871026949158145,432.4487103141239
2,12.453264341874295,1.4512513783365226,2.604169276416321,17.252011610586855,91.75540557268789,1.9725452285319456,3.156293855578225,0.3776899298860417,2.095603824339631,0.3591680464653164,1.0593755292456184,3.387089553505359,524.9185863162415
3,12.705892252034353,5.103738628506149,2.707779932759516,24.11932260574375,100.23484866540487,1.3243630824779924,0.432908905180677,0.4870262694739182,1.3606233595199262,13.222778034092862,0.7550450092536138,1.0186446672256801,821.9219949850774
2,12.867606464461534,2.311158384882778,2.6140282986839964,22.48842571324166,92.5571689052287,1.5488789524037423,1.9474130221812016,0.283453159121163,1.305543509595686,4.548928376929632,1.2136894954786548,3.104962771999099,324.2463592604761
2,13.844752452764116,3.991503576636398,2.5904262068720114,23.66036883621028,104.66224627877159,2.630314981129984,1.6976344270801706,0.28636210049199234,1.5883465158686336,3.0162270624996443,0.9801449145739998,3.2769408450503277,661.9829177455701
2,12.156346933038963,1.902695460490068,1.9693522918687734,18.759437281020354,80.19766705571452,2.1166091276413517,3.3495471905039107,0.23652889713617792,0.7993549150403969,6.33176406153709,1.0069743955132948,2.4986285389638474,675.265035921184
1,14.06875485049967,1.6490338341809199,2.7150525567401345,14.31653104772426,113.38014398737293,3.231446830259133,2.695217275831129,0.3160906417793694,1.0492427680579939,7.636781603791734,1.0341137008979815,2.814548346047053,1408.1636662668611
1,14.743617621142409,1.9379898784196659,2.6807772375362453,17.937706422869564,98.96628120486344,3.078521099635553,4.394993641148692,0.2871339168712039,2.963957685953524,0.0,1.1750663506125314,3.2291920064019566,1018.5868757153643
3,13.160401248731015,4.085496368672103,2.0712290367732917,14.719960664496124,93.34218055151123,1.1428865325977702,0.5714997150116563,0.42669977130642756,1.046830572751715,13.438462346155962,0.722674476460232,1.8122087182287645,739.8415645122898
1,13.885677314543152,2.7484665799954104,2.4977010218617934,16.739722811205517,102.89838475941443,1.8641754863574977,2.317743328276868,0.25314889832321696,2.618843113828863,6.3134497002160925,0.8131743782492173,3.3903770991884605,993.7112209596845
3,14.292296213337583,1.3548790666891206,2.1943005950439507,21.013658838372233,81.49783328708884,1.6026240620498886,1.5044321712630477,0.4418797839466366,1.293052326058726,1.9369013956682597,0.6283638591960522,1.5149135926574677,560.3164165195593
1,13.794255295719418,0.7200391002589459,2.175082670146004,16.187180404781778,125.41691603405776,2.668669708100021,1.5971084831313422,0.2703405548731244,1.714547972571584,0.0,1.0523987186875063,3.012964519458099,1306.2036394310778
1,13.153274104125865,1.902969640045442,2.2322466890677375,15.640340243578574,92.64825568770947,4.1367185877248165,3.0124424678139903,0.23402195936059314,2.045506339299271,5.273892046704908,1.029064256065349,3.5876333560295293,1323.9197282036712
2,13.593463599337136,1.47111573713106,2.5528174416950757,20.111381711867637,91.99129191298002,2.687176366242803,2.5761957012417964,0.21812470587141755,2.313504771365689,6.147784535377852,0.9611881028339517,3.105608014059323,589.56273924639
2,13.001214272671959,1.989630369920174,2.052388334465384,22.572065867469387,101.36611798258417,2.6934043388149753,2.563675415227838,0.45445974437874015,1.3277347463353217,6.021136012581338,1.051735956516164,4.062898697396401,403.79751255993784
1,12.210092845970491,1.9208799604872113,2.173016709888932,18.7108780975634,110.53021795288697,2.2196793410239453,2.507242436050242,0.20526291824888385,1.857378213854243,7.707724490742823,0.921998353513024,3.5127516305521342,951.7555482903646
1,13.411222987543677,2.387300493044852,2.6265374956619776,14.71536503631416,116.2795956668077,3.7347209868112676,3.3603601109658046,0.44014366500464525,1.3738233446095702,2.6921872764499697,0.8109791651534011,4.187310131812644,1294.1116746863227
1,14.456797292994338,1.3079469061226474,2.387914327748491,16.045808535638287,89.61202414284989,3.03543938286262,3.220170850405498,0.29040907653139686,1.7404807493049,2.302954708125056,1.0011096548128497,2.936954128761797,873.1418691949522
2,12.968825626174784,1.852162802987198,2.187660825058719,30.904979276601836,99.79734816253576,1.8040328329486004,1.7887589547699534,0.4633601138277079,1.6455025011635047,0.45467848379891906,1.1311151828032724,2.4991578712427733,806.1077508661547
1,13.428471484193006,2.2997748568964127,2.9165881757019965,19.21652300561355,102.61355102732158,3.6328011886282034,2.6045706568201727,0.12695003718577166,1.2145013085761651,1.2645944200610497,1.0107881122342168,3.182524497848895,1589.4903832475566
2,12.039932976736658,2.1491503276639388,2.3123212682761194,25.508693954410003,93.27190598367207,2.3606716239159833,2.5437644520930736,0.3767948210840722,1.3712475288702413,3.7520617856545813,1.1480994924845749,2.2948862793356954,532.8762388410595
3,13.25363565315621,4.02384186629018,2.3687204892744904,26.17479648603626,92.56048091879855,1.7656272803043866,0.4707376481498393,0.3211979739901365,0.9897631272740972,7.122963980514733,0.647069777548274,1.3753347688555033,352.3933644386797
2,12.519777224291097,2.7457372125392965,2.4895373116243262,18.292521355179744,92.08246441969702,2.362593173263682,1.9184554778860108,0.5046611018417994,1.8305777263027432,4.844453127820631,1.1029169395534155,3.548880098766635,540.420384716482
2,11.05500952917392,0.9403718634296624,2.512823644516583,16.958492105582046,91.13007503604926,2.507028133473258,1.3931085479495464,0.3694837955531364,0.9363275074900799,2.145237359218548,1.065176012755679,1.9719935718869483,581.1545338597826
2,12.943172958848525,1.5813478655921407,2.138715265747656,19.16573892893394,129.2409466077675,2.416245144205039,2.413930402449481,0.4527255108628658,1.7070066879229917,2.8367348654421796,1.0084015166006524,2.8391872821339836,506.15610886795486
3,13.319341155608715,2.730371129816261,2.521424519327462,18.515922406848173,104.47371821982142,1.9024068700333157,1.2458902602245183,0.6883694035019969,1.351269748184356,5.121994227000205,0.6874425687808005,0.9016066018487879,488.30979196198984
3,12.294486830486616,4.628498616401133,2.344847142692908,23.23427937148228,87.69106759384472,0.9963461429529317,1.1416925529507624,0.4738768573487765,0.8852614404312962,3.592628535395296,0.8025434784414769,1.1566587671383757,934.750534071889
2,14.03689992816856,2.911765486991594,2.1457988987824996,11.891984912322265,132.78800900210268,1.459630867947658,0.8988589147214692,0.4520313388808676,2.7854786791062436,6.156231093391247,1.0920300032057595,3.2190099747492127,645.9862427285083
1,13.620648573367154,2.414050856814538,2.8749608982663166,17.468190310207916,109.2838009659612,2.7908656955943294,1.2147304819248816,0.28787888996406263,1.9409565427598978,11.146192016466452,1.0330694649306429,3.3750521927868564,1094.9682985551847
1,13.182235238375458,1.1204855703744765,2.2805217373076037,16.8364747093706,110.23936707215424,3.0226159275578124,3.741008589113142,0.29104015135023253,2.888403172466975,4.926582420217461,1.4408236833225467,3.595453796480204,857.2814661956943
2,13.661224495795697,1.3030329422122326,2.7656100818191094,22.603891464421288,85.53555019119092,2.5515001790899814,2.8099647482275127,0.41596289659954766,0.8205898872536764,1.8911829048337654,1.0027729500893345,2.8375729454129734,609.4455193154564
3,14.01432566718937,4.514932813032344,2.2054244664352782,22.478240064047416,88.77724099757246,1.0729680074928705,0.520511593426315,0.5176154125144483,1.5531250163353911,9.455482181212522,0.7625095786847996,1.9071184463305817,498.47701531241614
3,14.00337187988673,3.8481751345913553,2.3117484690762913,23.24028652245184,119.90472017426414,1.6216411515916676,0.3709523989916242,0.5396372602358276,1.1666627809767045,0.0,0.7747421677150421,1.444455598180274,603.7081430799053
1,12.358223757482106,2.696260190374513,2.1052025083382766,15.845451016868523,118.786705323337,2.882424812603005,1.9884748043050382,0.23277570325920252,2.3621264692755797,3.864764079684929,1.0903042025414766,3.200988851134593,916.6874995419189
2,11.483438402638043,2.638356447299353,2.310702206993648,18.355977373339325,73.64815915800999,2.681126957271278,2.5746468599098224,0.35107417225985554,2.494852128063356,1.1984287720211717,0.8621922311982788,2.4856124001676907,504.84299543218685
3,13.012692134532669,3.0120015967748426,1.9592275271186492,23.133649746700478,85.87643899978836,1.7063703573171844,0.9092720833220225,0.5624592736254785,0.7388246563171197,0.0,0.7083849544753694,2.4722249198647757,857.6387534114325
3,13.213239643966018,4.780729095234156,2.174529373161885,21.99411898044883,109.88114230684154,1.900481434773532,0.8715200951374596,0.5300941483310427,0.23683637452027462,10.154191354811049,0.6245924316872575,0.8745215253831589,718.6396965092713
3,14.73630282900998,2.199963106432835,1.8539424954507338,20.489167883204082,111.24440244338452,2.541672879857061,0.2612936743854608,0.48470293009128695,1.0424882355591807,6.830778977750465,0.9544343347017035,1.0186930555061324,669.4642753454635
3,13.014818900423872,6.331643122800015,2.5169208575796045,21.254722710162287,96.46026341138239,1.6898849928373003,1.0252612195253403,0.333726846622204,1.611155810080794,10.313216777470876,0.7618185725707934,1.87292932507628,624.746781619552
2,13.111074692550973,1.4127115498996279,2.6487107576538182,27.918319732888293,88.84139343911924,1.969428638443583,3.1609706682959215,0.5021614931157641,1.3337985866948987,2.511222629466368,0.9990036930253442,2.113663208710462,367.7716444019809
1,13.218785668998358,0.6015387036364401,2.117541581824741,18.551084977877558,91.70469250096748,3.9981641601096807,1.0646249447469756,0.42571650946320305,2.0434918776977806,5.3094941049355056,0.9837113278467471,3.441412557759408,1094.1235709992188
2,11.751382011593357,3.9433872475266227,2.279595246013994,19.019826018617554,97.90830586512288,1.4825518036539638,1.3907217518872246,0.46803725171499827,1.2681218033040162,1.2452398149824817,1.0890318027780015,3.5558513681579083,624.8756697744154
1,15.108227510259555,3.136565029547757,2.4008444880779374,14.252619969058408,135.7535025511459,2.8790841664495623,2.9928149485599107,0.28806999303119973,2.0346976373221413,5.200858260813411,0.979687319036767,2.7981359199565334,1095.5343049075764
3,12.33477290204726,4.1824228708660645,2.1302411929682687,23.222316877609437,104.32448961453683,0.9206450393321374,0.4986471994956683,0.5474698462742635,0.8567804087897146,5.310925927808197,0.7362060893251896,2.024691824084342,572.9560727655013
1,13.037444822264362,4.64238206483739,2.5685299381937954,17.493938670474133,96.52897057252873,3.3022045204099344,2.4504131998612477,0.2997607851716289,3.6408574860227807,5.310983428627798,1.2208982656799947,2.6918400309143964,1094.888326246378
1,14.918958103713154,1.4987843235688145,2.242286939543112,16.714274830549883,106.97693574745978,3.562166402190826,1.422932540662366,0.4123640255568491,1.792554628966287,4.556711160519883,0.9183053874635766,2.0446974631312766,1342.8962987649934
2,12.14500397705858,1.9455790475814674,1.9220802248003916,15.430230052135055,121.25500384700553,1.752640871908103,1.3762835848968957,0.16619488977566566,1.276908743632144,0.6873586173168533,1.2106216676150006,3.4555957409253013,403.96039580709737
1,13.747572465154494,1.0284913489520489,2.5616627643379197,17.529639835889412,99.47952109407498,2.8860693760934124,2.6255114908871806,0.29908138762009984,2.3502488586743118,9.146118340811402,0.8867058301642412,4.620462694766261,540.8466259379969
1,12.79311304461558,1.385181422304321,2.4657400310463835,18.3293241413775,98.04474821565589,2.9632660645548716,2.285047702234943,0.24107857576064412,0.9434704541432087,3.4250281988671385,0.8707641552137133,2.5064061879754136,1409.5024792196657
3,13.17084753155569,2.15711511994816,2.2785927374146437,23.27973397146573,100.45789587176914,1.937141711407893,1.6398694513416587,0.2992182549460054,1.7921965269887046,7.722469175098423,0.6001215951676871,1.0946620046748445,584.8780053615866
2,13.466626520499512,2.92831089814796,2.1148301093117663,21.588458501724276,94.44932075816642,1.7220009952057307,2.33678227565677,0.2538864187956178,2.1719629003461662,2.421473059457246,1.0521275621460124,3.041474086781301,471.3519191284599
1,13.032900073955686,0.4035536797424273,2.504761999890789,15.1315596293364,90.08364009929859,2.4132618963999324,1.9849758366747565,0.4249713308058052,2.4995150347256265,5.511822377798112,1.2671921794446037,3.2226104492003804,856.0888658161318
3,12.848945347034041,2.6901303865611053,2.3904709744067443,18.949654794063083,111.46197243379727,1.6800911085640067,0.7860008619103959,0.4104894755138374,1.2658686461892326,10.778416642190772,0.6032869784289099,1.390428744806887,562.988328503657
3,11.478984947389575,5.241457789607443,2.0752085695099707,20.54470781509723,94.6569904839625,1.9389634386991166,0.10280652868998863,0.48159553994737486,1.9387514643832668,1.5001422205264836,0.7089706167610396,1.388727841769492,702.3444563828698
1,12.324172618953229,0.285082167486967,2.336296743566986,14.487793887960597,109.93184701156399,2.240704110156001,1.6806805947715318,0.4072519015137243,1.7464721156691556,5.683964306688466,0.8605352539301161,2.799819747322876,1137.0566284261513
1,12.918173874355286,3.7622704434236223,2.6658492464924413,20.22160328843534,114.58871169201419,2.0948258309966286,2.497441355022608,0.32914996489823345,1.0689530899534772,7.155636420793045,1.0263544442578612,2.9151218508662735,1310.467430810809
3,13.515446810541729,4.686375042924791,2.379596630694179,22.194105048376773,95.06452952914779,1.7984158541478472,0.6424273215361136,0.4959414700870446,1.0769402790242917,8.87890567014527,0.6870737186315021,2.175462110339754,611.1837987945992
3,13.60588728912121,2.7511194657880695,2.534259459491449,17.44703831769183,100.6799546422831,2.533128759585645,0.3598575304196029,0.37900295265276335,1.3950068258772093,8.041426755423895,0.7250630099273558,1.8952423372649718,742.2318004952981
3,13.650363845322044,4.028949537844276,2.3779161362510495,20.743638733717972,97.67019760519594,1.5942403566448202,1.2775211416528378,0.49342010500527755,0.15146009152085904,10.061019292486186,0.7094736194718775,1.671768147163805,546.7929754600228
2,12.41292465345288,2.0905739810498645,2.2408833458444906,21.69937348695281,114.5671023104618,2.722759233138315,1.0160244830315706,0.13014709785882406,2.047816756507244,0.5989050292008491,1.0052758057918048,2.213035575146165,229.0890712999369
2,12.676233234991784,0.8266333938261263,1.6156617280437802,21.537852539133418,136.134072008687,2.2067217077684576,2.712098265349699,0.36736464226928084,1.54154406993634,5.216534495635292,0.9980698001392484,3.0324136190209847,562.5065555727741
2,12.348957371307641,3.4075300810552616,1.9089101569012838,19.59317740600574,82.97942237081755,1.2020702267805474,2.0396430993348296,0.3490427242455045,2.3315903741886443,4.63423960280065,0.9173394493237875,3.936832762810487,703.7022901974804
2,12.609098188303522,3.543711269058647,2.3715249474390543,19.424516838129232,110.8152835068552,2.852314064019306,1.2038462949499955,0.4137660062864872,1.9335746437323402,2.7589217232128163,1.1813277494642782,2.79446831539146,531.7155031950322
2,12.433286512367147,2.639003757588512,2.2139766486567045,25.049991499601237,83.64894347789848,3.18250783377184,2.0706846960296295,0.23123024080937565,1.652771163306287,1.9842756519007405,1.1224707903887596,2.508004331797637,441.9492009852796
2,11.221866192393744,2.3964299824335265,2.22966397013373,14.845459734875597,114.13808370981076,1.8133205485290533,1.508515720979502,0.37805122775078487,2.1528323012200703,1.3080399256636381,1.0367847834832769,3.1244254051884264,620.8175803403136
3,12.401473923241046,2.863875622779084,2.4100400412503387,27.037565695679977,133.0215171470981,1.9469581460199203,0.7112254539502333,0.4881055083632495,1.5295559533145808,5.920369267637508,0.8695211355912322,1.7812311340442168,716.0689300164563
1,13.054071451032218,1.9504746439381997,1.7469211851848039,14.458787020250934,103.45314602957617,2.0164630999031994,4.481818399617104,0.17558868976314937,1.6007697490460508,5.828088516212288,1.2617782604692562,2.193613737197981,1441.1543243727833
2,11.733905764347444,3.125046628924842,1.7982757976127055,18.373201030112895,101.09662865106846,3.055382975786544,2.052002309416719,0.31003204259761213,2.511766964025889,0.43501192115918697,0.788131344771791,3.1308082365303993,433.1774867766401
2,11.807619879005244,3.756009713546936,2.4365985026883883,18.61037589679335,130.57502401167673,1.8829139415781972,2.6417296215667943,0.38693633223658425,2.227853231805411,6.514252617388243,1.0335204563972344,2.4505518139026754,584.2156264414413
1,12.947539551434778,2.492472415243185,2.410838187228313,18.822141240171153,111.74910604887562,2.791932917646464,2.2009497793770674,0.1688122220251308,1.5963698325944256,7.482589251057517,1.0899731241782287,2.3228976304758477,1155.0492875709915
2,12.264682516837189,2.4824899544171477,2.304935098878752,24.79622903611264,96.92371776384934,1.9781210077923634,2.189277177213567,0.40889682261327487,1.6139414344595953,3.441995216231842,0.9527809143412569,2.5021464769959594,291.7909723274481
2,11.54731839282137,1.7859124442783845,1.889188524576079,22.24376195818732,120.19923378361162,2.868131399916551,1.9441867042209482,0.49416535231649567,1.6628470540290348,2.6790863383415604,0.9625257070104967,2.7075922787017666,451.05623948902706
