fixed acidity,volatile acidity,citric acid,residual sugar,chlorides,free sulfur dioxide,total sulfur dioxide,density,pH,sulphates,alcohol,quality
8.88,0.5,0.241,3.04,0.1181,13,61,0.9968,3.33,0.466,10.2,4
8.99,0.49,0.191,2.15,0.0766,8,33,0.9964,3.24,0.829,10.8,6
7.27,0.641,0.244,2.03,0.1276,26,49,0.998,3.43,0.634,9.8,4
9.0,0.625,0.195,3.64,0.1039,18,38,0.9977,3.32,0.724,10.1,5
9.92,0.384,0.333,0.83,0.0193,2,17,0.9964,3.15,0.936,12.9,8
7.85,0.429,0.297,2.63,0.063,12,28,0.9971,3.37,0.704,10.5,5
11.17,0.182,0.341,1.58,0.0728,12,38,0.9968,3.16,0.562,11.7,7
8.63,0.957,0.186,2.81,0.0989,24,86,0.9977,3.32,0.558,8.8,3
6.83,0.68,0.173,4.18,0.1249,29,70,0.9982,3.34,0.563,9.2,3
8.04,0.361,0.419,1.48,0.0971,10,20,0.9991,3.34,0.547,10.5,6
10.75,0.44,0.322,1.1,0.0877,13,15,0.9972,3.32,0.684,10.8,6
9.85,0.51,0.253,2.63,0.0431,14,29,0.9982,3.28,0.615,10.5,5
8.56,0.359,0.439,1.34,0.0451,6,6,0.9966,3.32,0.621,11.4,7
8.79,0.35,0.311,2.23,0.06,19,43,0.9964,3.32,0.646,10.7,6
11.9,0.276,0.529,2.09,0.0757,5,41,0.9966,3.05,0.958,11.8,8
9.94,0.349,0.518,2.04,0.0549,1,17,0.9968,3.12,1.147,12.7,8
12.9,0.241,0.294,0.87,0.0646,5,29,0.9961,3.13,1.066,12.9,8
6.51,0.785,0.166,2.12,0.1008,17,38,0.9982,3.37,0.739,9.9,4
8.37,0.515,0.154,2.31,0.0828,16,32,0.998,3.11,0.743,9.7,5
7.9,0.901,0.123,3.53,0.1201,18,79,0.9992,3.5,0.56,8.6,3
8.31,0.854,0.11,2.6,0.1358,24,78,0.9992,3.37,0.502,8.8,3
9.35,0.396,0.322,1.7,0.0382,10,34,0.9965,3.06,0.678,12.2,7
6.43,0.8,0.149,3.53,0.1189,24,64,0.9979,3.44,0.501,9.4,3
9.07,0.304,0.445,1.07,0.0209,9,15,0.9951,3.33,1.051,12.5,7
7.47,0.481,0.17,3.56,0.0983,21,67,0.9977,3.41,0.547,9.9,4
8.63,0.516,0.338,3.47,0.0857,7,87,0.9959,3.28,0.669,10.9,5
10.46,0.406,0.039,2.21,0.0589,18,35,0.9975,3.08,0.682,10.4,5
8.16,0.664,0.202,2.95,0.0886,17,46,0.9961,3.45,0.521,9.0,4
9.22,0.413,0.479,3.24,0.0686,12,32,0.9957,3.29,0.825,11.8,7
11.04,0.389,0.37,0.5,0.0413,9,6,0.995,3.14,1.029,13.0,8
8.33,0.43,0.272,1.45,0.0466,10,52,0.9979,3.36,0.597,10.8,5
11.57,0.129,0.612,1.03,0.0806,4,13,0.9969,3.21,0.854,13.2,8
7.78,0.522,0.262,2.23,0.0911,19,33,0.9976,3.23,0.782,10.4,5
10.68,0.291,0.645,1.88,0.0179,9,28,0.9946,2.99,0.779,13.0,8
9.32,0.739,0.014,3.64,0.1291,23,85,0.9971,3.36,0.463,9.5,3
8.21,0.628,0.237,2.39,0.1029,25,54,0.9978,3.51,0.517,9.9,4
6.04,0.543,0.195,3.69,0.119,18,67,0.9985,3.29,0.477,9.4,4
8.22,0.572,0.037,2.9,0.1145,16,76,0.998,3.4,0.701,10.0,4
6.12,0.644,0.054,2.48,0.1439,23,72,0.9987,3.44,0.349,9.5,3
11.76,0.206,0.505,0.75,0.0814,8,22,0.9952,3.09,0.984,12.6,8
9.44,0.18,0.436,1.07,0.0301,1,22,0.9959,3.27,0.786,12.6,8
9.09,0.517,0.334,1.55,0.0681,11,61,0.9973,3.31,0.566,10.0,5
7.64,0.807,0.199,3.34,0.1147,13,68,0.9982,3.57,0.552,8.9,3
6.81,0.742,0.131,2.68,0.141,24,86,0.9996,3.46,0.326,9.4,3
5.7,0.524,0.264,2.73,0.0925,22,63,0.9981,3.39,0.482,10.3,4
9.71,0.408,0.431,3.16,0.0373,24,60,0.9972,3.33,0.659,10.3,5
9.03,0.516,0.271,1.87,0.054,16,45,0.9956,3.21,0.701,10.8,6
10.11,0.573,0.507,1.77,0.045,14,49,0.9988,3.25,0.572,11.4,6
10.38,0.234,0.585,2.16,0.0202,6,8,0.9955,3.25,0.818,12.7,8
8.7,0.356,0.536,0.7,0.0694,3,26,0.997,3.1,0.896,11.9,7
7.79,0.685,0.062,2.95,0.1515,32,89,0.9989,3.4,0.505,9.0,3
9.31,0.493,0.332,2.12,0.0558,12,19,0.9965,3.33,0.701,11.1,6
10.33,0.293,0.526,1.16,0.0464,14,23,0.9946,3.25,0.803,13.1,8
8.65,0.485,0.248,1.8,0.0661,16,38,0.9967,3.27,0.803,10.2,5
11.08,0.384,0.364,0.5,0.0471,12,31,0.9948,3.14,1.142,13.2,8
8.26,0.661,0.318,2.24,0.095,17,53,0.9967,3.28,0.596,9.3,4
5.78,0.631,0.213,4.9,0.1357,17,71,0.9999,3.35,0.574,9.3,3
8.17,0.567,0.243,1.53,0.0623,19,33,0.9969,3.43,0.737,10.3,5
7.52,0.382,0.237,1.74,0.0633,10,29,0.9972,3.33,0.907,10.7,6
9.83,0.333,0.412,0.5,0.0511,2,47,0.995,3.15,0.945,12.6,8
8.14,0.588,0.404,2.15,0.0715,16,66,0.9975,3.35,0.79,10.8,5
8.85,0.879,0.102,3.79,0.1233,20,73,0.9982,3.39,0.334,9.7,3
5.71,0.726,0.111,3.24,0.1313,24,71,0.997,3.25,0.431,9.2,3
6.4,0.76,0.187,3.42,0.1082,20,92,0.9988,3.38,0.471,9.8,3
9.61,0.373,0.344,1.05,0.0488,13,46,0.9977,3.37,0.896,10.7,6
6.93,0.633,0.186,4.76,0.092,19,50,0.9965,3.31,0.627,10.3,4
10.67,0.288,0.477,1.08,0.0471,7,15,0.9957,3.12,0.923,12.8,8
7.2,0.465,0.137,2.63,0.1376,18,47,0.9983,3.42,0.571,9.4,4
7.74,0.549,0.13,1.73,0.083,16,44,0.9964,3.42,0.762,10.4,5
8.98,0.767,0.185,3.5,0.0656,19,71,0.9981,3.41,0.457,9.9,4
7.19,0.915,0.0,3.18,0.1391,27,70,0.9982,3.37,0.57,9.2,3
6.85,0.654,0.175,3.52,0.1174,17,67,0.9996,3.45,0.371,9.6,3
9.56,0.426,0.329,0.79,0.0536,21,28,0.9967,3.2,0.543,11.1,6
7.14,0.775,0.081,3.57,0.118,26,74,0.9989,3.53,0.299,9.0,3
9.52,0.377,0.398,1.47,0.0533,12,14,0.9955,3.08,0.76,11.1,6
6.72,0.745,0.149,3.91,0.1233,25,84,0.999,3.4,0.646,9.6,3
9.17,0.581,0.147,2.54,0.0713,14,45,0.9958,3.29,0.705,11.4,6
7.93,0.435,0.183,1.82,0.0773,20,55,0.9965,3.26,0.757,10.2,5
7.78,0.462,0.255,1.84,0.0488,20,61,0.9979,3.18,0.602,11.4,5
9.98,0.356,0.28,0.66,0.0428,14,25,0.9958,3.32,0.698,11.6,7
7.09,0.48,0.199,2.47,0.1482,15,65,0.9977,3.35,0.592,10.0,4
7.25,0.458,0.216,1.38,0.0848,7,51,0.9979,3.45,0.601,10.6,5
8.37,0.554,0.307,2.77,0.1009,30,63,0.9981,3.44,0.627,8.9,4
10.0,0.322,0.513,0.84,0.0835,10,6,0.997,3.23,0.651,12.3,7
6.03,0.627,0.146,2.6,0.0976,18,43,0.9968,3.28,0.613,10.3,5
7.97,0.268,0.25,2.63,0.0241,21,25,0.9971,3.28,0.678,10.8,6
9.07,0.191,0.412,0.5,0.0521,4,11,0.9949,3.15,0.844,12.8,8
7.75,0.903,0.096,3.13,0.1119,23,89,0.9988,3.5,0.407,9.6,3
6.5,0.481,0.188,2.39,0.1149,13,67,0.9975,3.44,0.639,10.9,4
8.77,0.366,0.306,1.65,0.0764,14,53,0.9983,3.29,0.723,10.2,5
8.23,0.652,0.096,4.39,0.1164,21,84,0.9993,3.54,0.439,9.1,3
8.05,0.501,0.172,2.77,0.1168,29,67,0.9972,3.49,0.77,10.2,4
9.16,0.361,0.258,2.53,0.0681,16,40,0.9957,3.24,0.916,10.4,5
8.66,0.408,0.264,1.77,0.0439,13,53,0.9975,3.23,0.573,10.1,5
7.71,0.58,0.219,2.43,0.097,21,43,0.9962,3.23,0.493,10.6,5
9.6,0.477,0.122,2.56,0.0736,18,41,0.9984,3.36,0.548,10.9,5
10.9,0.372,0.438,0.95,0.0402,6,7,0.9957,3.26,0.729,13.2,8
8.09,0.387,0.248,2.08,0.0547,14,40,0.9977,3.38,0.634,10.8,5
9.48,0.749,0.19,2.19,0.1088,20,59,0.9971,3.3,0.563,9.5,4
9.88,0.501,0.36,1.92,0.0742,14,6,0.9965,3.24,0.888,11.8,7
7.02,0.678,0.202,2.89,0.0752,10,69,0.9965,3.35,0.629,9.6,4
7.57,0.631,0.273,1.71,0.1178,14,73,0.9975,3.47,0.822,9.9,4
8.33,0.379,0.385,3.08,0.0367,9,34,0.996,3.17,0.772,11.5,7
7.06,0.607,0.0,3.1,0.145,13,71,0.9982,3.45,0.487,9.1,3
8.9,0.573,0.182,2.35,0.031,16,37,0.998,3.35,0.485,10.8,5
10.0,0.336,0.564,1.87,0.1011,7,35,0.9961,3.18,0.636,12.1,7
10.22,0.292,0.578,0.5,0.0783,10,20,0.994,3.11,0.898,12.8,8
9.31,0.391,0.318,2.45,0.0634,4,27,0.9967,3.08,0.836,11.7,7
9.84,0.424,0.314,1.6,0.0962,20,47,0.9975,3.12,0.86,10.8,6
9.69,0.305,0.185,1.02,0.0537,11,44,0.9967,3.27,0.78,11.5,6
6.93,0.792,0.179,2.89,0.0701,18,48,0.9992,3.31,0.723,10.0,4
8.28,0.747,0.121,4.17,0.0847,16,83,0.999,3.35,0.458,8.8,3
9.89,0.27,0.351,1.21,0.0557,6,43,0.9964,3.07,1.005,12.1,7
9.62,0.265,0.302,1.54,0.0811,9,31,0.9978,3.29,0.763,10.0,6
8.61,0.402,0.342,2.0,0.09,11,48,0.9977,3.22,0.743,10.5,5
6.82,0.698,0.168,2.97,0.099,15,63,0.997,3.4,0.453,9.3,4
7.28,0.91,0.188,3.29,0.1016,19,87,0.9987,3.55,0.465,9.0,3
7.12,0.478,0.17,1.76,0.0792,18,59,0.9972,3.29,0.68,11.0,5
10.26,0.199,0.6,1.8,0.0656,8,7,0.9974,3.12,0.6,11.9,7
8.12,0.493,0.222,1.6,0.0416,10,43,0.9972,3.26,0.955,10.8,6
8.58,0.492,0.318,2.39,0.087,10,19,0.9979,3.25,0.746,11.2,6
7.03,0.68,0.154,3.03,0.125,17,44,0.9977,3.41,0.665,10.1,4
6.87,0.575,0.054,3.36,0.1159,14,44,0.9989,3.4,0.385,10.3,4
6.02,0.759,0.093,3.12,0.1083,11,82,0.9985,3.38,0.611,9.3,3
9.84,0.338,0.395,2.36,0.0294,6,6,0.9966,3.12,0.726,11.2,7
6.46,0.503,0.209,3.08,0.0873,19,54,0.9984,3.27,0.384,9.9,4
7.61,0.815,0.002,3.05,0.1344,18,79,0.9991,3.38,0.563,9.2,3
6.54,0.631,0.132,2.3,0.135,18,48,0.9978,3.4,0.546,9.9,4
10.24,0.252,0.363,0.87,0.0233,10,31,0.9962,3.29,0.808,12.5,8
9.07,0.696,0.32,3.04,0.1247,17,52,0.9989,3.36,0.437,9.9,4
11.57,0.353,0.396,0.5,0.0492,19,29,0.9979,3.15,0.89,11.7,7
8.29,0.533,0.187,2.41,0.1196,29,56,0.9972,3.52,0.464,9.9,4
9.95,0.256,0.525,0.98,0.0788,9,19,0.9963,3.42,0.706,11.2,7
7.38,0.761,0.122,3.29,0.1135,26,76,0.9981,3.49,0.334,9.6,3
6.99,0.534,0.265,2.69,0.0682,19,30,0.9975,3.37,0.538,10.4,5
8.28,0.3,0.372,0.52,0.0553,9,13,0.9966,3.19,0.955,12.9,7
7.87,0.638,0.245,2.14,0.1298,17,34,0.9974,3.23,0.652,10.1,5
8.87,0.378,0.508,2.05,0.0796,5,15,0.9968,3.22,0.891,12.3,7
7.22,0.553,0.023,2.97,0.0913,26,62,0.9987,3.48,0.639,8.8,3
9.22,0.554,0.406,0.5,0.0549,3,34,0.9975,3.12,0.862,12.0,7
7.83,0.513,0.134,3.5,0.0638,14,22,0.9959,3.34,0.501,10.5,5
9.71,0.337,0.44,1.77,0.0589,13,45,0.9964,3.42,0.709,10.6,6
5.93,0.728,0.201,2.76,0.1353,28,42,0.9961,3.55,0.496,9.4,3
8.63,0.677,0.067,3.51,0.1507,18,82,0.9986,3.53,0.5,8.3,3
10.2,0.438,0.305,1.56,0.0982,8,37,0.9956,3.26,0.714,11.2,6
9.88,0.484,0.289,0.79,0.0581,11,40,0.9961,3.21,0.821,11.6,6
6.94,0.538,0.176,3.42,0.1254,13,37,0.9978,3.33,0.698,9.7,4
7.48,0.599,0.232,2.6,0.1061,26,68,0.9985,3.32,0.533,9.0,3
11.02,0.128,0.568,0.74,0.0344,4,14,0.9968,3.04,0.866,12.6,8
11.04,0.259,0.435,0.81,0.0353,7,33,0.9957,3.24,0.916,12.9,8
10.96,0.383,0.269,0.55,0.0489,1,12,0.9959,3.14,0.857,12.0,8
7.94,0.747,0.196,4.0,0.1322,17,58,0.9984,3.33,0.791,10.0,3
8.14,0.377,0.387,2.84,0.0704,17,42,0.9977,3.21,0.714,11.0,6
7.11,0.788,0.197,4.31,0.1067,26,87,0.9992,3.44,0.38,9.3,3
9.77,0.542,0.371,1.58,0.0641,20,39,0.9962,3.24,0.853,10.8,6
7.79,0.644,0.223,3.08,0.0973,14,46,0.9983,3.44,0.608,10.4,4
11.19,0.277,0.598,1.11,0.0935,7,10,0.9946,3.03,0.987,13.1,8
8.27,0.575,0.221,2.43,0.0594,18,73,0.9977,3.38,0.411,9.8,4
7.65,0.455,0.257,2.01,0.0771,5,21,0.9968,3.3,0.494,10.8,6
9.34,0.116,0.326,1.01,0.0838,11,9,0.9973,3.16,0.766,12.3,7
7.4,0.51,0.16,2.24,0.1171,11,82,0.9974,3.58,0.542,10.3,4
8.09,0.633,0.352,3.84,0.104,28,54,0.9974,3.39,0.395,10.2,4
11.41,0.1,0.584,1.69,0.0813,13,41,0.9955,3.09,0.898,13.2,8
9.5,0.537,0.325,2.51,0.0699,14,50,0.997,3.21,0.728,11.9,6
10.84,0.231,0.404,1.35,0.01,12,23,0.9976,3.27,0.646,11.6,7
8.28,0.425,0.347,0.66,0.0735,14,19,0.9962,3.32,0.575,11.4,6
9.7,0.479,0.39,1.71,0.067,17,31,0.9961,3.07,0.601,10.4,6
7.82,0.862,0.015,3.15,0.1219,21,83,0.998,3.36,0.384,9.2,3
6.69,1.062,0.19,3.2,0.1676,24,93,0.9997,3.53,0.677,9.1,3
9.54,0.361,0.289,1.9,0.093,21,18,0.9967,3.26,0.761,10.8,6
9.23,0.288,0.279,1.59,0.0842,5,46,0.9967,3.29,0.621,10.5,5
7.73,0.359,0.378,2.24,0.0598,6,45,0.9961,3.3,0.756,10.9,6
8.45,0.489,0.277,1.9,0.0323,3,45,0.9974,3.05,0.719,12.6,7
7.33,0.743,0.262,2.82,0.1167,20,52,0.9973,3.44,0.549,10.2,4
12.22,0.431,0.481,1.61,0.0405,12,9,0.9955,3.27,0.741,12.0,7
6.06,0.663,0.06,3.37,0.0712,31,84,0.9989,3.54,0.525,9.8,3
9.14,0.364,0.391,1.49,0.0677,10,15,0.9949,3.16,0.907,12.0,7
8.87,0.683,0.154,3.1,0.0837,12,75,0.9975,3.31,0.558,9.2,4
9.93,0.286,0.427,1.62,0.0789,13,28,0.9956,3.17,0.798,11.2,7
10.19,0.291,0.509,2.16,0.0941,2,37,0.9965,3.24,0.751,12.0,7
8.06,0.95,0.067,3.51,0.11,22,70,0.9986,3.48,0.53,9.6,3
9.95,0.401,0.208,2.39,0.0629,5,26,0.9973,3.33,0.722,10.8,6
9.32,0.772,0.056,3.01,0.0981,20,54,0.998,3.29,0.528,9.7,4
11.46,0.27,0.552,1.57,0.0442,14,19,0.9964,3.06,0.808,12.3,8
10.65,0.283,0.414,1.05,0.01,13,6,0.996,3.05,0.67,13.6,8
11.28,0.301,0.596,1.58,0.0705,10,12,0.9967,3.24,0.999,12.3,8
13.1,0.363,0.402,1.75,0.0489,16,34,0.9958,3.11,0.865,13.2,8
10.9,0.316,0.609,1.33,0.0556,12,9,0.996,3.02,1.134,12.8,8
9.19,0.669,0.1,2.03,0.128,8,84,0.9977,3.38,0.618,9.4,4
6.9,0.299,0.482,1.32,0.0384,5,22,0.9957,3.2,0.81,11.3,7
10.49,0.353,0.368,2.16,0.0604,13,6,0.9976,3.14,0.718,10.2,6
10.14,0.294,0.595,1.31,0.0554,8,9,0.9967,3.11,0.925,12.5,8
9.68,0.195,0.512,1.06,0.0829,10,29,0.9959,3.14,0.775,11.8,7
7.59,0.778,0.0,3.09,0.1199,24,69,0.9999,3.51,0.36,9.2,3
9.96,0.399,0.455,1.19,0.057,3,23,0.9982,3.24,0.838,11.2,7
9.78,0.479,0.466,1.33,0.0608,4,52,0.9963,3.2,0.807,11.9,7
8.97,0.496,0.24,2.1,0.0546,19,53,0.9974,3.28,0.505,10.0,5
9.35,0.505,0.142,2.48,0.0753,10,43,0.9969,3.28,0.558,10.8,5
4.16,0.659,0.258,3.2,0.1004,21,52,0.9961,3.38,0.63,9.8,4
8.31,0.435,0.173,1.7,0.0496,15,38,0.996,3.28,0.65,11.4,6
9.49,0.218,0.699,1.59,0.0441,7,28,0.9954,3.17,0.829,12.6,8
9.62,0.501,0.331,1.52,0.068,12,36,0.996,3.18,0.713,11.2,6
10.61,0.51,0.473,1.31,0.0594,19,21,0.997,3.13,0.769,11.6,7
10.2,0.471,0.034,2.37,0.0824,18,54,0.9966,3.42,0.745,9.5,4
8.89,0.432,0.163,3.16,0.0451,6,62,0.9983,3.41,0.552,9.5,5
10.32,0.275,0.303,2.46,0.0848,14,47,0.9971,3.24,0.774,10.6,6
8.76,0.436,0.387,2.88,0.1123,26,50,0.9977,3.28,0.584,11.1,5
7.37,0.75,0.18,3.24,0.1116,31,63,0.9991,3.23,0.445,9.8,3
9.44,0.219,0.267,1.23,0.0679,8,39,0.9953,3.23,0.766,10.6,6
6.96,0.729,0.023,3.52,0.1101,16,83,0.9991,3.52,0.582,9.4,3
6.72,0.511,0.246,3.22,0.1091,18,20,0.9979,3.42,0.493,10.3,4
6.47,0.624,0.12,4.23,0.1313,28,61,0.9975,3.5,0.244,9.4,3
12.16,0.218,0.441,1.71,0.0602,8,6,0.9964,3.09,0.811,12.7,8
10.08,0.348,0.341,0.57,0.064,7,30,0.9964,3.32,0.967,11.5,7
10.42,0.348,0.39,0.5,0.0476,7,22,0.9954,3.38,0.941,12.3,8
13.65,0.49,0.285,0.5,0.0539,4,6,0.996,3.15,0.931,12.7,8
7.72,0.432,0.317,0.5,0.0881,2,20,0.996,3.22,0.865,11.7,7
7.07,0.917,0.138,3.14,0.0981,16,65,0.9976,3.48,0.726,8.6,3
8.18,0.667,0.109,4.4,0.132,22,83,0.9976,3.4,0.469,8.7,3
11.19,0.276,0.499,0.78,0.0505,9,29,0.9963,3.19,0.938,13.8,8
10.91,0.402,0.428,1.2,0.0537,4,22,0.996,3.1,0.865,12.5,8
10.45,0.468,0.495,0.82,0.0494,10,31,0.9954,3.25,0.831,12.2,7
9.57,0.316,0.219,0.65,0.0745,15,24,0.9958,3.3,0.682,11.6,6
7.91,0.42,0.383,1.25,0.0528,7,47,0.9964,3.38,0.548,11.0,6
6.88,0.701,0.202,3.32,0.1377,20,64,0.9978,3.49,0.586,9.3,4
8.01,0.5,0.242,2.23,0.0755,10,37,0.998,3.3,0.83,10.7,5
9.05,0.24,0.293,1.47,0.0784,16,23,0.9958,3.4,0.585,11.9,6
7.99,0.507,0.167,2.26,0.1203,16,61,0.9981,3.47,0.579,9.7,4
8.36,0.356,0.251,2.06,0.0398,6,33,0.9981,3.23,0.834,10.7,6
10.23,0.468,0.442,1.35,0.0389,5,27,0.9957,3.14,0.975,12.0,7
9.21,0.528,0.177,1.71,0.0984,22,53,0.9979,3.4,0.676,9.6,4
7.89,0.86,0.063,3.08,0.1439,27,79,0.9982,3.63,0.276,9.8,3
9.92,0.28,0.466,1.4,0.0677,15,42,0.9963,3.27,0.769,12.0,6
9.3,0.397,0.443,1.92,0.0608,8,38,0.9967,3.21,0.74,11.6,7
7.59,0.411,0.277,2.62,0.0728,19,50,0.9961,3.44,0.677,10.7,5
7.37,0.227,0.44,1.62,0.0476,21,36,0.9962,3.3,0.718,11.1,6
11.04,0.388,0.342,1.16,0.0434,12,35,0.997,3.25,1.013,11.7,7
9.27,0.794,0.2,2.62,0.0799,14,42,0.9973,3.28,0.354,9.9,4
7.28,0.565,0.018,4.99,0.1423,9,74,0.9999,3.47,0.444,8.8,3
8.99,0.48,0.49,1.13,0.0632,20,45,0.998,3.17,0.919,11.4,7
7.68,0.733,0.156,3.89,0.118,17,79,0.9985,3.46,0.546,9.6,3
5.94,0.728,0.095,4.75,0.1832,22,83,1.0002,3.49,0.432,10.2,3
8.83,0.324,0.336,0.92,0.0476,7,20,0.9974,3.4,0.929,11.2,6
8.14,0.503,0.239,1.67,0.093,18,14,0.9954,3.35,0.722,10.9,6
10.51,0.425,0.3,0.99,0.0948,6,12,0.9975,3.26,0.892,10.4,6
7.3,0.668,0.056,4.46,0.1016,14,70,0.9987,3.53,0.299,9.2,3
8.68,0.461,0.499,2.36,0.0702,10,57,0.9981,3.18,0.597,10.3,5
5.77,0.562,0.186,3.66,0.1154,21,38,0.9977,3.34,0.483,10.0,4
7.83,0.745,0.09,4.33,0.0932,25,95,0.9983,3.43,0.383,8.9,3
8.4,0.452,0.362,1.63,0.0755,24,38,0.9978,3.45,0.869,10.1,5
7.05,0.701,0.0,4.28,0.0953,18,101,0.9983,3.36,0.488,9.0,3
11.3,0.249,0.393,1.1,0.0358,14,29,0.996,3.06,0.792,12.3,8
7.88,0.595,0.2,3.04,0.0775,20,41,0.9981,3.25,0.528,9.9,4
6.62,0.788,0.137,3.06,0.113,20,79,0.9988,3.48,0.718,9.0,3
9.46,0.498,0.396,1.6,0.0678,11,49,0.9972,3.04,0.648,10.6,6
8.55,0.582,0.395,1.84,0.0551,9,27,0.9959,3.18,0.647,10.1,6
7.8,0.762,0.104,3.17,0.1317,29,85,0.9977,3.56,0.59,9.5,3
7.99,0.64,0.14,3.93,0.093,22,64,0.9993,3.38,0.385,8.8,3
7.74,0.545,0.321,2.67,0.1101,9,59,0.9958,3.22,0.727,10.4,5
9.79,0.426,0.378,1.69,0.069,19,19,0.9969,3.32,0.987,12.2,7
8.86,0.532,0.335,1.65,0.0486,13,28,0.9975,3.23,0.719,11.2,6
7.7,0.499,0.349,1.83,0.0744,13,35,0.9956,3.23,0.679,10.1,6
10.79,0.123,0.449,1.92,0.07,2,21,0.9949,3.13,0.82,13.2,8
7.34,0.508,0.117,1.57,0.0784,21,74,0.9985,3.2,0.611,9.3,4
8.63,0.13,0.322,1.57,0.0792,5,11,0.9976,3.21,0.884,11.8,7
11.56,0.371,0.437,0.53,0.0631,8,13,0.9965,3.19,1.024,13.5,8
12.61,0.372,0.446,1.62,0.0325,12,12,0.9941,3.03,0.784,12.3,8
11.22,0.372,0.305,0.5,0.0672,9,35,0.9972,3.3,0.898,11.8,7
9.86,0.149,0.682,0.87,0.0425,21,6,0.9944,3.22,1.077,12.5,8
5.49,0.655,0.12,2.34,0.0897,26,73,0.997,3.25,0.642,9.9,4
10.06,0.44,0.303,1.47,0.0729,13,31,0.9951,3.23,0.792,11.2,7
6.23,0.54,0.245,2.98,0.076,27,66,0.9978,3.3,0.451,9.6,4
7.19,0.678,0.088,2.55,0.1369,25,81,0.9976,3.42,0.458,9.1,3
9.65,0.287,0.414,0.78,0.0358,13,55,0.9964,3.34,0.739,11.4,6
8.76,0.703,0.221,4.22,0.0969,25,81,0.9969,3.38,0.519,10.1,4
8.24,0.689,0.207,2.81,0.0941,19,39,0.9991,3.33,0.345,9.2,4
7.96,0.573,0.25,3.16,0.044,5,45,0.9964,3.48,0.587,10.5,5
12.42,0.203,0.429,0.8,0.0482,9,13,0.9952,3.19,0.928,12.6,8
9.81,0.289,0.453,1.14,0.0675,13,28,0.9959,3.19,0.707,12.0,7
9.52,0.266,0.536,1.58,0.0691,9,22,0.9955,3.28,0.851,13.2,8
8.45,0.463,0.222,1.07,0.0666,10,47,0.996,3.31,0.669,10.7,6
10.18,0.189,0.441,1.24,0.0545,15,11,0.9962,3.19,0.638,11.2,7
11.42,0.289,0.546,1.17,0.0397,2,6,0.9952,3.1,0.829,12.8,8
11.15,0.337,0.52,1.14,0.0583,12,38,0.9966,3.05,0.885,13.1,8
8.53,0.475,0.22,1.84,0.0659,11,16,0.9962,3.17,0.604,11.2,6
7.73,0.545,0.123,2.26,0.0958,16,66,0.9978,3.25,0.574,9.2,4
11.36,0.307,0.288,2.0,0.075,13,31,0.9956,3.29,0.794,11.2,6
8.89,0.449,0.198,2.32,0.0873,20,56,0.9965,3.21,0.665,10.1,5
9.19,0.554,0.29,1.83,0.1005,14,57,0.9986,3.51,0.643,9.0,4
8.35,0.464,0.327,2.49,0.0724,9,27,0.9968,3.24,0.659,10.2,5
9.12,0.377,0.267,1.48,0.0614,15,35,0.997,3.32,0.804,11.3,6
11.7,0.321,0.297,1.86,0.0878,8,40,0.9965,3.13,0.786,12.1,7
9.94,0.437,0.291,1.74,0.0951,21,47,0.9964,3.31,0.638,9.6,5
7.04,0.543,0.39,2.66,0.0468,13,66,0.9961,3.44,0.729,11.2,5
7.95,0.519,0.204,1.66,0.105,15,49,0.9979,3.51,0.492,9.7,4
10.91,0.313,0.614,0.59,0.0234,7,28,0.9969,3.1,0.939,12.5,8
9.35,0.449,0.197,1.47,0.0727,18,34,0.997,3.34,0.518,10.2,5
8.01,0.606,0.04,2.66,0.1185,23,71,0.9977,3.47,0.683,10.0,4
12.33,0.318,0.676,1.09,0.0391,19,6,0.9935,3.03,1.159,13.0,8
6.74,0.629,0.229,2.7,0.0908,18,46,0.9962,3.37,0.72,10.4,5
10.41,0.329,0.595,1.63,0.0841,6,14,0.9947,3.17,0.751,12.5,8
6.61,0.707,0.082,2.26,0.1419,21,76,0.9989,3.44,0.584,8.5,3
8.21,0.324,0.284,2.48,0.0729,19,29,0.997,3.39,0.723,10.5,5
7.93,0.483,0.347,2.15,0.0821,12,19,0.9977,3.36,0.816,11.0,6
7.31,0.53,0.237,2.78,0.083,15,62,0.9971,3.47,0.7,9.5,4
8.76,0.307,0.418,0.5,0.088,8,34,0.9959,3.06,0.801,11.5,7
11.24,0.126,0.457,1.08,0.0724,7,29,0.994,3.02,0.702,12.6,8
8.62,0.663,0.377,1.81,0.0823,12,26,0.9971,3.4,0.495,10.8,5
9.22,0.341,0.568,0.5,0.0682,6,27,0.9963,3.17,0.818,13.2,8
10.34,0.445,0.336,1.03,0.0728,14,27,0.997,3.27,0.912,11.7,6
5.04,0.602,0.207,3.69,0.1474,24,64,0.9984,3.46,0.535,8.9,3
9.11,0.244,0.398,1.13,0.0816,13,29,0.9976,3.27,0.825,10.7,6
6.83,0.554,0.31,1.59,0.1111,23,46,0.9979,3.35,0.674,9.9,4
11.75,0.312,0.494,1.59,0.0546,9,21,0.9967,3.09,0.842,12.2,7
7.52,0.424,0.174,1.92,0.0741,3,45,0.9976,3.32,0.723,10.4,5
7.63,0.562,0.327,1.34,0.0855,15,56,0.9982,3.37,0.671,10.8,5
7.08,0.575,0.1,3.41,0.0866,15,76,0.9965,3.3,0.837,10.3,4
10.61,0.561,0.418,2.3,0.066,18,57,0.9969,3.42,0.566,10.4,5
9.55,0.263,0.514,2.55,0.0489,14,23,0.996,3.13,0.893,12.8,8
6.46,0.647,0.29,2.81,0.1235,19,60,0.9967,3.51,0.8,8.8,4
5.99,0.758,0.076,4.44,0.1039,30,76,0.9974,3.34,0.448,9.9,3
7.26,0.538,0.211,3.28,0.1367,16,72,0.9971,3.39,0.705,10.0,4
10.52,0.429,0.339,1.67,0.0252,1,27,0.9967,3.23,0.912,12.2,7
10.97,0.547,0.302,1.51,0.0885,8,40,0.9969,3.42,0.783,10.9,6
11.4,0.168,0.387,1.25,0.0338,7,19,0.9966,3.09,0.912,12.5,8
9.37,0.499,0.264,0.78,0.0595,7,56,0.9969,3.34,0.799,10.4,5
10.61,0.554,0.38,2.09,0.0976,14,22,0.9975,3.24,0.71,11.7,7
6.53,0.688,0.013,2.21,0.1182,22,66,0.9992,3.41,0.515,9.3,3
8.82,0.4,0.4,0.5,0.0652,9,34,0.9968,3.27,0.851,12.0,7
6.35,0.824,0.18,4.23,0.134,18,84,0.998,3.44,0.546,8.8,3
9.32,0.421,0.316,1.89,0.0398,16,40,0.9956,3.15,0.55,11.5,6
7.84,0.524,0.153,2.98,0.1276,27,57,0.9972,3.23,0.62,10.0,4
9.89,0.667,0.163,2.73,0.1009,14,63,0.9976,3.42,0.583,10.2,4
7.04,0.543,0.258,1.98,0.1293,18,38,0.9973,3.19,0.664,10.1,5
7.99,0.865,0.001,4.03,0.1237,29,93,0.9995,3.34,0.422,8.7,3
12.69,0.251,0.694,0.85,0.0676,2,9,0.9943,3.21,0.75,12.1,8
12.29,0.447,0.296,1.23,0.0889,14,12,0.9963,3.19,0.822,11.7,7
8.93,0.465,0.393,1.76,0.0779,2,26,0.9973,3.19,0.675,10.9,6
8.63,0.477,0.196,2.34,0.0909,23,76,0.9976,3.2,0.656,10.5,4
7.74,0.361,0.35,2.19,0.0279,18,33,0.9961,3.26,0.877,11.2,6
7.51,0.562,0.257,3.31,0.1319,11,53,0.9978,3.45,0.423,10.0,4
9.19,0.537,0.321,3.43,0.0602,10,46,0.998,3.25,0.75,10.5,6
7.4,0.805,0.186,3.22,0.1244,34,76,0.9986,3.37,0.316,9.3,3
10.07,0.285,0.561,1.15,0.0588,20,16,0.9953,3.15,0.945,11.2,7
8.95,0.736,0.106,3.56,0.131,15,72,1.0001,3.37,0.25,8.6,3
6.35,0.715,0.107,4.07,0.1121,20,70,0.9993,3.46,0.513,9.4,3
10.63,0.274,0.345,2.7,0.061,7,36,0.9972,3.18,0.677,10.9,6
7.25,0.832,0.052,4.29,0.1324,26,66,0.9991,3.39,0.53,9.3,3
9.67,0.307,0.474,1.8,0.0394,5,36,0.9951,3.05,0.713,12.9,8
8.24,0.581,0.107,2.93,0.1226,14,63,0.9962,3.28,0.738,9.9,5
8.92,0.195,0.407,1.71,0.0509,6,30,0.9968,3.07,1.004,13.2,8
11.24,0.118,0.677,1.04,0.066,13,20,0.996,3.04,0.997,12.4,8
7.84,0.8,0.074,4.53,0.1157,20,54,0.9978,3.55,0.384,8.8,3
6.74,0.27,0.338,2.23,0.0456,15,57,0.9978,3.24,0.56,10.3,5
6.97,0.853,0.188,3.06,0.1219,23,65,0.9981,3.48,0.692,8.8,3
5.59,0.559,0.041,2.78,0.0896,24,79,0.9984,3.34,0.65,9.4,3
6.09,0.696,0.0,3.08,0.1172,29,86,0.9985,3.53,0.515,8.8,3
9.19,0.619,0.184,2.22,0.0697,15,38,0.9972,3.27,0.687,10.2,5
8.12,0.227,0.406,2.14,0.0579,8,23,0.9984,3.23,0.691,11.0,6
6.51,0.625,0.0,2.39,0.0814,19,76,0.9978,3.36,0.565,9.6,4
12.44,0.345,0.464,1.06,0.0628,7,10,0.9976,3.24,0.81,12.3,7
10.26,0.254,0.267,0.9,0.1059,3,22,0.9959,3.22,0.67,12.2,7
8.64,0.412,0.368,0.98,0.0959,11,30,0.9971,3.36,0.757,11.8,7
10.42,0.301,0.366,1.07,0.0463,14,23,0.9958,3.15,0.797,12.0,7
6.74,0.609,0.188,3.78,0.0865,22,71,0.998,3.41,0.509,10.0,3
10.48,0.414,0.423,0.5,0.0612,12,32,0.9968,3.19,0.734,11.5,7
7.52,0.554,0.202,2.1,0.0974,25,71,0.9979,3.28,0.744,9.8,4
10.21,0.579,0.266,1.93,0.1208,21,20,0.9972,3.28,0.738,11.4,6
9.92,0.154,0.45,0.5,0.0358,18,25,0.9958,3.1,0.971,12.6,8
6.97,0.678,0.12,2.65,0.0981,25,77,0.9986,3.43,0.573,9.4,3
7.23,0.296,0.339,1.81,0.0653,14,27,0.9971,3.21,0.603,11.5,6
8.94,0.492,0.215,2.33,0.07,14,27,0.9975,3.31,0.816,10.2,5
8.48,0.477,0.268,1.91,0.0648,12,35,0.9962,3.27,0.777,10.8,6
8.2,0.74,0.191,2.36,0.0882,17,41,0.9968,3.41,0.64,10.0,4
9.74,0.356,0.406,2.34,0.0775,10,28,0.9971,3.35,0.653,11.0,6
7.4,0.63,0.124,4.05,0.0875,14,57,0.9984,3.47,0.652,9.5,4
6.45,0.643,0.204,2.71,0.1131,20,75,0.9971,3.21,0.596,9.6,4
8.41,0.513,0.391,2.33,0.0516,2,67,0.9972,3.36,0.824,10.3,5
9.19,0.426,0.311,2.06,0.0672,9,22,0.9961,3.21,0.631,11.4,6
5.82,0.865,0.008,4.0,0.0749,25,60,0.9994,3.38,0.487,9.7,3
10.83,0.404,0.436,1.24,0.0611,15,30,0.9957,3.17,0.698,11.4,7
11.02,0.436,0.386,1.66,0.074,3,57,0.9965,3.38,0.737,11.1,6
4.9,0.732,0.147,3.94,0.1239,13,60,0.9992,3.49,0.285,9.0,3
8.21,0.536,0.215,1.94,0.1045,12,25,0.9974,3.27,0.6,10.6,5
9.63,0.433,0.529,2.81,0.0524,7,16,0.9954,3.24,0.948,12.2,8
11.6,0.258,0.471,2.86,0.0507,1,34,0.9971,3.26,0.869,12.3,8
8.47,0.388,0.245,1.21,0.0537,10,37,0.9973,3.26,0.714,10.7,6
9.34,0.207,0.433,0.5,0.0638,10,20,0.998,3.15,0.94,12.3,7
9.47,0.462,0.328,2.48,0.0683,5,43,0.9965,3.1,0.856,10.7,6
9.81,0.334,0.444,1.27,0.0687,8,6,0.9971,3.15,0.879,11.7,7
8.39,0.239,0.45,1.03,0.0903,12,52,0.9961,3.38,0.846,11.7,7
6.18,0.954,0.061,3.86,0.1234,22,86,0.9987,3.47,0.581,9.5,3
10.24,0.38,0.342,0.5,0.0413,4,7,0.9947,3.18,0.769,12.9,8
11.37,0.406,0.27,2.73,0.0606,1,29,0.9962,3.14,0.786,11.4,7
7.63,0.683,0.25,1.95,0.0723,11,48,0.9966,3.26,0.543,10.9,5
8.32,0.402,0.162,2.18,0.0911,7,44,0.9986,3.21,0.673,10.3,5
8.19,0.614,0.398,2.87,0.0752,13,53,0.9978,3.48,0.577,10.0,5
9.01,0.557,0.218,2.49,0.0878,17,92,0.9983,3.3,0.696,9.6,4
9.91,0.454,0.371,1.8,0.1026,12,37,0.997,3.15,0.675,10.3,6
8.04,0.323,0.48,0.52,0.0551,8,63,0.9967,3.17,0.691,11.7,6
8.71,0.614,0.192,2.44,0.1298,20,80,0.9979,3.49,0.739,9.8,4
9.2,0.439,0.365,1.17,0.0987,17,31,0.9982,3.34,0.767,11.0,6
10.24,0.263,0.509,0.56,0.0345,10,22,0.9958,3.24,0.832,13.0,8
9.61,0.38,0.45,1.42,0.038,7,35,0.9955,3.02,0.851,13.1,8
7.12,0.71,0.164,3.89,0.1288,24,78,0.999,3.45,0.648,9.7,3
7.5,0.702,0.228,2.59,0.088,14,69,0.9984,3.26,0.7,9.3,4
12.66,0.47,0.386,1.23,0.0499,12,14,0.9962,3.05,0.937,12.3,8
7.76,0.25,0.215,1.2,0.0769,12,80,0.9968,3.31,0.438,10.3,5
9.04,0.512,0.305,0.5,0.0355,9,45,0.998,3.18,0.912,10.9,6
11.42,0.308,0.509,0.75,0.0643,7,14,0.9959,3.16,0.983,13.0,8
8.0,0.691,0.207,3.06,0.0961,14,70,0.9969,3.25,0.466,9.6,4
9.32,0.381,0.206,2.16,0.0782,13,48,0.9968,3.26,0.544,10.8,5
10.5,0.347,0.312,2.7,0.0908,20,44,0.9972,3.15,0.547,9.2,5
9.71,0.435,0.228,1.29,0.0505,10,37,0.9956,3.25,0.725,10.2,6
7.8,0.668,0.07,2.96,0.1353,37,71,0.9992,3.57,0.445,8.2,3
10.16,0.369,0.462,1.62,0.0641,11,21,0.9969,3.24,0.802,12.3,7
10.75,0.275,0.655,0.93,0.0866,4,6,0.9962,3.16,1.043,13.3,8
10.23,0.48,0.273,2.8,0.0726,4,21,0.9969,3.16,0.788,11.5,7
11.62,0.558,0.447,1.33,0.0505,1,19,0.9958,3.17,0.865,10.8,7
8.92,0.61,0.268,2.06,0.1102,14,45,0.9964,3.3,0.683,10.8,5
6.11,0.664,0.129,2.5,0.1231,24,107,0.9984,3.52,0.597,8.8,3
9.02,0.55,0.258,1.56,0.0947,14,51,0.9962,3.28,0.508,10.3,5
9.29,0.591,0.169,2.1,0.1053,14,65,0.9967,3.43,0.651,10.0,4
9.13,0.483,0.257,1.66,0.0786,19,40,0.9971,3.41,0.64,10.3,5
9.63,0.485,0.417,0.71,0.0625,14,31,0.9964,3.27,0.838,12.1,7
5.42,0.824,0.016,3.1,0.1054,19,79,0.9988,3.37,0.474,9.3,3
7.09,0.637,0.063,2.37,0.0816,15,61,0.9976,3.34,0.48,10.5,4
9.55,0.302,0.358,1.58,0.0755,11,32,0.9954,3.3,0.905,12.2,7
9.35,0.514,0.284,2.22,0.0808,10,37,0.9967,3.24,0.747,11.0,6
10.9,0.384,0.222,2.02,0.0594,11,27,0.9958,3.24,0.886,10.7,6
9.87,0.348,0.303,1.75,0.0527,6,57,0.996,3.39,0.729,11.4,7
7.53,0.665,0.127,2.92,0.0788,23,56,0.9993,3.43,0.538,9.5,4
10.06,0.352,0.34,1.76,0.0686,9,7,0.9964,3.19,0.82,11.1,7
9.49,0.481,0.306,2.22,0.0444,18,13,0.997,3.14,0.838,10.4,6
7.34,0.597,0.187,2.57,0.0868,18,60,0.9978,3.33,0.835,10.0,4
6.87,0.768,0.251,2.75,0.1497,28,79,0.999,3.4,0.489,9.2,3
8.17,0.704,0.098,1.92,0.1227,15,53,0.9975,3.32,0.66,9.3,4
8.34,0.31,0.318,1.23,0.0775,14,24,0.996,3.26,0.727,11.2,6
8.57,0.492,0.125,2.75,0.0733,17,48,0.9971,3.46,0.436,10.1,4
8.1,0.471,0.404,1.56,0.0471,15,39,0.9956,3.18,0.783,11.3,6
9.66,0.417,0.339,1.33,0.0304,1,6,0.9967,3.27,0.831,11.7,7
10.64,0.304,0.417,1.19,0.0637,16,14,0.996,3.17,0.608,12.0,7
11.37,0.345,0.363,0.88,0.0651,5,25,0.995,3.2,0.973,12.9,8
8.09,0.756,0.216,1.71,0.1056,27,44,0.9974,3.36,0.578,10.9,4
8.14,0.514,0.276,2.29,0.0879,12,57,0.996,3.31,0.712,10.3,5
6.77,0.542,0.224,3.41,0.0765,10,52,0.9972,3.28,0.624,10.2,5
7.73,0.458,0.122,2.86,0.1201,24,58,0.9972,3.4,0.557,9.7,4
9.88,0.387,0.401,1.35,0.0627,8,15,0.9972,3.26,0.851,12.6,7
6.45,0.402,0.145,1.55,0.1233,11,59,0.9982,3.36,0.653,10.5,5
7.54,0.488,0.157,2.84,0.0909,22,65,0.9969,3.33,0.599,10.4,4
11.23,0.1,0.339,1.59,0.0348,9,38,0.9952,3.12,1.079,12.4,8
10.1,0.371,0.535,0.5,0.0462,10,22,0.9942,3.1,0.976,13.1,8
7.98,0.606,0.106,3.86,0.1483,30,60,0.9972,3.49,0.526,8.5,3
8.72,0.429,0.344,0.95,0.0911,9,40,0.9965,3.34,0.762,10.7,6
6.77,0.686,0.121,2.69,0.0973,14,66,0.9985,3.5,0.583,9.9,3
6.82,0.804,0.1,2.5,0.1343,34,58,0.9997,3.52,0.52,9.5,3
6.53,0.499,0.077,4.19,0.1202,15,72,0.9982,3.36,0.472,9.4,3
8.06,0.378,0.296,2.1,0.0949,19,30,0.9964,3.3,0.727,9.8,5
10.12,0.391,0.508,1.64,0.0203,9,13,0.9967,3.22,0.938,13.3,8
9.45,0.437,0.543,0.85,0.0285,8,38,0.9967,3.19,0.814,11.8,7
7.28,0.596,0.381,2.92,0.1271,16,61,0.9981,3.32,0.55,9.6,4
8.61,0.455,0.217,2.17,0.1201,21,42,0.9973,3.32,0.58,10.3,5
9.35,0.174,0.364,1.3,0.0492,8,23,0.9969,3.13,0.743,12.3,7
5.87,0.883,0.181,2.69,0.1567,20,74,0.9988,3.5,0.57,9.6,3
7.57,0.558,0.121,4.73,0.1269,19,68,0.9972,3.49,0.516,8.7,3
6.94,0.44,0.494,1.61,0.0726,9,14,0.997,3.25,0.857,11.3,6
8.39,0.665,0.138,2.33,0.1098,10,52,0.9984,3.38,0.659,10.7,5
8.49,0.582,0.064,3.13,0.0828,23,71,0.9979,3.32,0.595,10.6,4
9.17,0.708,0.0,2.92,0.1066,27,39,0.9972,3.27,0.602,10.2,4
11.5,0.389,0.406,2.27,0.0877,11,48,0.9964,3.25,0.669,11.1,6
9.07,0.662,0.153,1.01,0.1073,27,42,0.998,3.38,0.664,10.4,5
8.7,0.176,0.447,1.98,0.0744,6,19,0.9954,3.2,0.806,12.2,7
8.01,0.612,0.097,3.38,0.1176,22,44,0.9979,3.39,0.447,10.2,4
8.43,0.359,0.408,2.37,0.076,10,28,0.9971,3.4,0.65,10.7,5
9.37,0.289,0.341,1.29,0.069,9,40,0.9971,3.28,0.797,11.4,6
7.62,0.631,0.251,1.67,0.1042,23,52,0.9979,3.4,0.472,10.3,4
7.44,0.412,0.113,2.55,0.1143,18,41,0.9968,3.35,0.666,10.1,5
6.53,0.683,0.051,3.49,0.1407,23,63,0.9979,3.45,0.273,9.6,3
10.24,0.354,0.289,1.65,0.0678,1,30,0.9976,3.13,0.783,11.5,7
5.77,0.696,0.123,4.25,0.1164,25,71,0.9984,3.46,0.629,9.4,3
7.57,0.704,0.133,4.0,0.1291,33,51,0.9996,3.39,0.372,8.9,3
7.4,0.704,0.341,3.34,0.1007,16,66,0.9979,3.3,0.636,10.4,5
6.38,0.807,0.141,3.03,0.1302,25,66,0.9981,3.42,0.531,9.6,3
10.33,0.14,0.637,0.74,0.0335,6,46,0.9959,3.15,0.803,12.8,8
7.88,0.402,0.358,1.65,0.0589,16,67,0.9975,3.28,0.685,10.0,5
10.1,0.384,0.324,1.37,0.0445,16,42,0.9948,3.24,0.788,11.6,7
10.84,0.3,0.678,1.85,0.0865,10,16,0.9961,3.15,1.017,13.2,8
10.63,0.162,0.378,1.92,0.0376,11,18,0.9973,3.0,0.857,12.4,7
7.89,0.461,0.336,0.72,0.0769,20,26,0.9966,3.41,0.898,10.7,6
8.42,0.466,0.336,2.2,0.0879,14,22,0.9968,3.19,0.647,10.6,6
9.17,0.337,0.468,1.44,0.1066,2,37,0.9977,3.17,0.801,11.6,7
8.57,0.495,0.438,1.89,0.0772,20,50,0.997,3.2,0.657,11.1,6
5.98,0.677,0.157,3.93,0.1088,23,71,0.9991,3.49,0.517,9.0,3
8.71,0.595,0.346,2.64,0.0644,9,42,0.9979,3.31,0.627,10.3,5
7.25,0.58,0.0,4.61,0.1218,18,76,0.9983,3.6,0.471,9.5,3
8.46,0.326,0.357,1.23,0.0612,3,34,0.9965,3.15,0.951,12.7,8
10.09,0.28,0.361,1.78,0.0217,13,12,0.9965,3.21,0.75,12.5,7
8.25,0.333,0.255,2.5,0.1111,6,69,0.9966,3.33,0.637,9.6,4
7.02,0.768,0.0,3.3,0.0987,22,74,0.9982,3.4,0.537,9.4,3
9.38,0.605,0.193,2.0,0.0777,4,29,0.9984,3.28,0.515,9.9,5
7.44,0.634,0.216,3.24,0.0937,21,74,0.9965,3.36,0.536,10.4,4
11.53,0.315,0.615,1.1,0.0596,2,9,0.9952,3.21,0.752,12.4,8
10.33,0.315,0.512,1.74,0.0854,16,20,0.9962,3.22,0.766,11.7,7
9.83,0.469,0.418,0.68,0.0132,2,20,0.9961,3.15,0.892,13.1,8
9.95,0.694,0.111,2.9,0.0997,15,60,0.9986,3.31,0.564,9.7,4
8.33,0.435,0.163,2.92,0.0991,18,81,0.9978,3.37,0.647,8.9,3
7.67,0.196,0.397,2.31,0.0668,17,37,0.9961,3.22,0.72,10.8,6
12.36,0.426,0.474,0.5,0.0522,8,21,0.9945,3.15,0.901,12.6,8
9.01,0.451,0.264,1.8,0.0741,12,21,0.9964,3.17,0.676,11.7,6
7.47,0.646,0.271,2.95,0.0883,25,70,0.9985,3.4,0.545,10.2,4
10.2,0.135,0.546,2.18,0.0724,13,24,0.9955,3.09,0.907,12.2,8
10.03,0.55,0.297,1.04,0.0581,13,38,0.9972,3.32,0.744,10.8,6
8.48,0.476,0.203,2.63,0.0732,8,41,0.9981,3.29,0.718,11.4,5
11.83,0.431,0.441,0.54,0.0734,2,26,0.9962,3.31,0.811,12.4,8
8.96,0.538,0.172,2.48,0.0909,18,68,0.9976,3.41,0.514,10.1,4
7.39,0.591,0.251,2.69,0.1095,14,78,0.9971,3.3,0.295,9.5,4
9.59,0.332,0.526,1.23,0.0947,9,11,0.9967,3.13,0.798,12.3,7
10.62,0.367,0.436,0.78,0.0321,5,19,0.9951,3.03,0.905,12.5,8
11.81,0.39,0.464,1.28,0.0662,7,36,0.9967,3.02,1.079,12.6,8
8.4,0.801,0.032,4.63,0.1389,27,93,0.998,3.51,0.22,8.6,3
7.0,0.764,0.199,3.89,0.1092,26,54,0.9984,3.42,0.421,8.8,3
8.47,0.379,0.25,2.2,0.1116,13,38,0.9979,3.35,0.669,9.7,5
9.25,0.173,0.326,0.69,0.0434,3,23,0.9954,3.25,0.866,11.0,7
11.64,0.279,0.284,0.72,0.0397,14,40,0.9955,3.16,0.837,12.1,7
11.31,0.374,0.379,0.94,0.0578,12,40,0.9952,3.27,0.784,10.9,7
7.85,0.496,0.346,2.18,0.0952,22,49,0.9965,3.26,0.622,10.5,5
5.56,0.922,0.0,2.88,0.1576,19,82,0.9987,3.46,0.513,9.7,3
11.35,0.142,0.369,0.98,0.0318,12,36,0.9965,3.08,0.894,12.4,8
8.97,0.478,0.219,1.75,0.0548,14,48,0.9976,3.23,0.589,10.1,5
8.4,0.393,0.364,2.46,0.0811,9,25,0.9982,3.35,0.673,10.9,6
10.78,0.41,0.558,1.1,0.077,4,6,0.9959,3.16,0.788,13.0,8
7.27,0.555,0.186,2.16,0.0839,19,44,0.9968,3.25,0.807,10.1,5
10.3,0.336,0.368,0.76,0.1045,3,36,0.9966,3.1,0.884,11.4,7
6.24,0.648,0.038,3.81,0.1146,19,63,0.9979,3.41,0.491,8.9,3
11.69,0.367,0.518,1.2,0.0625,6,12,0.9961,3.14,0.878,12.8,8
8.39,0.292,0.329,0.97,0.1024,12,30,0.996,3.22,0.594,10.8,6
10.47,0.296,0.45,1.18,0.0588,12,41,0.9966,3.22,0.838,11.7,7
6.96,0.779,0.034,4.02,0.1231,21,75,0.9971,3.44,0.512,8.9,3
6.3,0.875,0.245,4.96,0.1286,26,71,0.999,3.44,0.468,9.3,3
9.29,0.219,0.53,1.44,0.0465,12,6,0.9966,3.14,0.968,13.0,8
10.25,0.488,0.451,3.01,0.1325,9,45,0.9966,3.15,0.723,10.9,6
8.97,0.215,0.593,1.6,0.0393,15,21,0.9975,3.18,0.889,11.8,7
6.36,0.635,0.057,3.6,0.0957,23,70,0.9969,3.39,0.44,9.9,4
7.47,0.255,0.414,1.82,0.1058,13,28,0.9963,3.16,0.577,10.2,6
9.47,0.559,0.493,2.01,0.0382,5,37,0.9963,3.28,0.694,10.6,6
10.23,0.541,0.175,2.75,0.0457,18,63,0.9979,3.4,0.494,10.1,4
9.74,0.591,0.155,2.02,0.0999,24,46,0.9986,3.3,0.688,10.4,4
10.59,0.35,0.399,2.14,0.0495,22,14,0.9956,3.09,0.85,12.3,7
11.5,0.422,0.556,1.45,0.0629,1,34,0.9967,3.06,0.971,13.3,8
8.33,0.404,0.423,2.19,0.042,1,18,0.9974,3.33,0.796,11.7,6
9.42,0.307,0.367,1.53,0.0709,9,6,0.9954,3.1,0.544,12.1,7
5.66,0.498,0.035,2.09,0.067,20,59,0.9984,3.34,0.558,9.9,4
10.82,0.428,0.204,2.17,0.0825,15,62,0.9975,3.27,0.726,9.9,5
10.58,0.26,0.417,2.86,0.0696,15,30,0.9957,3.32,1.045,11.2,7
6.24,0.639,0.13,3.47,0.1248,26,82,0.9984,3.47,0.475,9.1,3
9.12,0.397,0.405,1.45,0.0834,6,22,0.9969,3.26,0.809,11.7,7
5.52,1.031,0.09,5.1,0.1282,25,84,0.9984,3.44,0.51,9.7,3
10.43,0.275,0.55,0.91,0.0124,4,6,0.9942,3.1,0.852,13.2,8
10.93,0.32,0.44,2.5,0.0795,11,29,0.997,3.2,0.902,12.0,7
8.49,0.664,0.109,1.91,0.0383,13,70,0.9975,3.33,0.52,10.9,5
12.93,0.274,0.382,1.6,0.0842,14,39,0.9956,3.22,0.768,11.4,7
6.46,0.545,0.235,2.66,0.0954,28,48,0.9969,3.52,0.708,9.1,4
4.47,0.653,0.049,2.52,0.1172,14,85,0.9984,3.38,0.574,9.1,3
9.38,0.452,0.298,2.55,0.093,9,42,0.9964,3.37,0.447,10.6,5
8.77,0.438,0.132,1.93,0.0597,17,44,0.9971,3.23,0.675,10.5,5
6.57,0.849,0.101,4.2,0.1424,24,52,0.9976,3.52,0.499,8.9,3
10.03,0.146,0.461,0.96,0.041,14,6,0.9963,3.01,1.033,12.7,8
8.78,0.389,0.459,1.42,0.041,13,36,0.996,3.24,0.69,10.8,6
9.26,0.537,0.527,1.62,0.08,11,35,0.9969,3.26,0.74,11.5,7
8.2,0.413,0.227,1.58,0.1218,9,61,0.9974,3.33,0.603,10.6,5
7.66,1.109,0.114,3.94,0.1196,23,55,0.9985,3.39,0.646,9.4,3
10.24,0.458,0.446,2.25,0.0475,13,23,0.996,3.27,0.812,11.9,7
9.3,0.418,0.212,2.53,0.0562,8,29,0.9976,3.3,0.741,10.4,6
9.97,0.391,0.228,0.93,0.0782,7,34,0.9965,3.35,0.689,11.3,6
11.16,0.434,0.259,1.41,0.0564,6,53,0.9973,3.36,0.736,10.3,6
8.65,0.234,0.418,1.12,0.0745,6,8,0.9969,3.1,0.907,12.4,8
8.19,0.475,0.343,2.5,0.0552,17,33,0.9983,3.27,0.575,10.1,5
5.29,0.624,0.188,3.71,0.1421,27,80,0.9976,3.61,0.467,8.8,3
8.47,0.526,0.325,1.48,0.0294,8,29,0.9963,3.24,0.756,10.9,6
8.39,0.537,0.267,2.08,0.0612,20,34,0.9979,3.33,0.79,9.9,5
9.22,0.367,0.373,0.62,0.0444,15,24,0.9973,3.28,0.806,10.7,6
7.98,0.357,0.368,2.04,0.0665,1,34,0.9971,3.26,0.717,11.8,6
10.28,0.248,0.542,1.19,0.0651,8,23,0.9953,3.13,0.813,12.9,8
9.23,0.41,0.147,2.27,0.0938,5,36,0.9964,3.29,0.794,10.9,6
7.82,0.401,0.248,1.35,0.046,12,37,0.9978,3.1,0.693,11.1,6
7.83,0.486,0.29,1.65,0.0906,19,30,0.9961,3.55,0.82,10.7,6
9.8,0.464,0.416,2.17,0.0406,9,25,0.9954,3.23,0.785,12.5,7
11.12,0.317,0.473,1.09,0.0718,4,6,0.9964,3.18,1.181,13.2,8
11.12,0.32,0.582,1.22,0.0583,1,13,0.9975,3.15,1.128,12.1,8
9.73,0.605,0.095,3.16,0.141,19,75,0.9979,3.35,0.561,10.0,4
12.29,0.306,0.573,1.2,0.056,15,29,0.996,3.18,0.906,13.0,8
8.93,0.293,0.273,1.79,0.0313,8,41,0.9972,3.2,0.806,11.1,7
9.59,0.333,0.32,1.15,0.0425,3,26,0.9958,3.22,0.793,12.3,7
11.16,0.276,0.435,0.85,0.0399,1,43,0.9956,3.19,1.229,12.4,8
7.23,0.736,0.148,2.83,0.0823,24,52,0.9977,3.38,0.635,9.4,4
9.65,0.565,0.343,0.5,0.0752,14,31,0.9967,3.18,0.857,12.3,7
10.02,0.615,0.403,2.04,0.0581,16,22,0.9966,3.22,0.842,10.3,6
8.91,0.663,0.189,4.13,0.0904,19,75,0.9966,3.35,0.592,10.1,4
9.01,0.601,0.185,2.66,0.1144,17,16,0.9979,3.36,0.599,10.0,4
9.14,0.417,0.524,1.19,0.0669,15,22,0.9967,3.15,0.936,12.9,8
8.25,0.557,0.183,3.57,0.1178,22,71,0.9976,3.42,0.468,9.8,4
7.92,0.872,0.152,3.81,0.1222,26,63,0.9981,3.61,0.547,8.3,3
7.56,0.571,0.017,2.56,0.1099,28,57,0.9977,3.43,0.676,10.5,4
9.22,0.346,0.488,1.71,0.0375,16,16,0.9969,3.19,1.058,12.5,7
7.14,0.675,0.245,3.43,0.0923,23,72,0.9979,3.36,0.708,9.2,4
6.49,0.474,0.249,2.8,0.0862,23,37,0.9985,3.36,0.513,10.1,4
11.55,0.388,0.36,1.66,0.0777,11,45,0.9971,3.21,1.038,10.9,7
12.99,0.532,0.477,0.84,0.0656,12,35,0.9956,3.31,0.88,11.3,7
5.87,0.44,0.161,2.62,0.0773,16,39,0.9978,3.39,0.722,10.2,4
10.33,0.422,0.306,2.5,0.0699,4,48,0.9963,3.17,0.673,11.1,7
7.15,0.862,0.192,3.25,0.1037,20,65,0.9989,3.44,0.616,9.8,3
9.55,0.408,0.077,3.58,0.1034,24,67,0.9977,3.43,0.539,10.5,4
10.49,0.599,0.184,3.74,0.0885,6,56,0.9984,3.29,0.725,10.9,5
8.74,0.575,0.2,1.92,0.1118,15,61,0.9979,3.43,0.628,9.4,4
9.75,0.545,0.287,1.81,0.0823,24,25,0.9949,3.39,0.674,11.4,6
9.0,0.465,0.236,1.98,0.079,11,34,0.9957,3.21,0.747,10.8,5
8.68,0.442,0.362,2.0,0.0448,17,32,0.9952,3.23,0.867,11.4,7
10.88,0.519,0.534,1.28,0.0502,6,11,0.9965,3.04,0.817,12.6,8
8.55,0.656,0.228,3.47,0.1087,16,45,0.9976,3.33,0.599,9.9,4
9.19,0.369,0.26,1.73,0.0371,11,39,0.9956,3.23,0.755,12.1,7
8.86,0.482,0.31,2.25,0.0565,14,39,0.9967,3.25,0.559,10.5,5
7.72,0.183,0.298,2.15,0.051,12,48,0.9964,3.26,0.935,11.1,6
8.01,0.68,0.189,2.82,0.1214,18,71,0.9984,3.52,0.472,9.1,3
8.24,0.673,0.113,2.17,0.1161,17,53,0.9982,3.42,0.648,9.8,4
8.98,0.504,0.34,1.31,0.0717,15,24,0.9983,3.37,0.926,10.9,5
8.04,0.652,0.305,2.68,0.0925,25,64,0.9973,3.41,0.584,9.7,4
7.24,0.559,0.113,3.18,0.0965,14,63,0.997,3.35,0.601,9.1,4
7.46,0.752,0.14,4.48,0.1255,16,57,0.9977,3.5,0.568,9.1,3
10.33,0.444,0.457,1.3,0.0672,15,40,0.9972,3.18,0.82,10.8,6
9.37,0.548,0.262,1.03,0.0688,30,35,0.9958,3.26,0.805,11.0,6
7.78,0.888,0.182,2.71,0.095,11,53,0.998,3.45,0.499,9.6,4
7.36,0.547,0.201,2.64,0.1385,22,80,0.9988,3.51,0.379,9.5,3
8.5,0.551,0.197,2.78,0.0695,20,64,0.9966,3.26,0.708,10.5,5
11.06,0.417,0.26,1.58,0.0683,11,39,0.9979,3.31,0.712,10.5,6
8.44,0.464,0.293,1.61,0.042,20,24,0.9978,3.26,0.764,11.0,6
9.01,0.513,0.19,2.92,0.0396,8,57,0.9976,3.34,0.57,10.6,5
7.98,0.749,0.294,2.66,0.086,13,60,0.9987,3.39,0.466,10.3,4
7.61,0.788,0.223,4.57,0.1029,24,74,0.9996,3.32,0.611,9.3,3
12.8,0.246,0.59,1.08,0.0155,7,6,0.9953,3.05,1.038,12.1,8
8.33,0.516,0.278,3.32,0.1228,21,64,0.9993,3.42,0.553,10.0,4
7.14,0.669,0.172,3.19,0.0616,21,44,0.9972,3.39,0.645,10.1,4
8.57,0.735,0.031,2.21,0.1443,21,81,0.9984,3.36,0.615,10.1,3
11.04,0.547,0.42,2.21,0.1036,14,36,0.9967,3.31,0.54,10.9,6
9.64,0.418,0.404,0.5,0.0825,7,6,0.995,2.95,0.949,13.0,8
7.71,0.731,0.123,4.05,0.108,22,74,0.9976,3.49,0.567,9.2,3
7.66,0.339,0.361,1.94,0.0371,15,23,0.9966,3.18,0.663,12.2,7
7.33,0.68,0.171,3.92,0.1177,14,57,0.9971,3.47,0.421,9.2,3
6.6,0.632,0.015,1.64,0.0745,18,49,0.9984,3.28,0.584,9.9,4
11.14,0.442,0.501,0.5,0.0455,11,34,0.9954,3.14,0.978,12.0,8
10.82,0.1,0.535,0.76,0.0484,14,12,0.9951,3.09,1.007,12.3,8
11.36,0.277,0.534,1.87,0.0453,11,6,0.996,3.14,0.918,12.7,8
8.9,0.552,0.411,1.16,0.0379,9,45,0.9977,3.49,0.711,11.0,6
7.87,0.502,0.259,2.37,0.1088,22,41,0.9971,3.23,0.661,10.0,5
10.71,0.117,0.485,0.5,0.0584,6,22,0.9969,3.08,0.715,13.4,8
7.39,0.74,0.13,2.11,0.1212,12,21,0.9978,3.43,0.445,9.5,4
9.81,0.433,0.344,1.79,0.0455,17,8,0.9961,3.21,0.632,10.7,6
11.3,0.491,0.23,2.61,0.1004,16,25,0.9972,3.35,0.565,10.9,5
6.77,0.644,0.228,3.0,0.1164,20,66,0.9977,3.4,0.683,10.2,4
10.43,0.445,0.434,2.07,0.0903,11,29,0.9958,3.33,0.712,12.1,7
10.65,0.1,0.493,2.04,0.032,21,38,0.9963,3.39,0.738,12.7,7
9.14,0.85,0.0,2.06,0.0919,19,50,0.9982,3.48,0.489,9.3,3
7.71,0.676,0.12,2.88,0.1076,13,91,0.9978,3.34,0.535,9.2,3
9.71,0.368,0.288,1.86,0.0956,8,34,0.9954,3.3,0.851,11.0,6
8.4,0.513,0.261,2.49,0.1346,14,64,0.9988,3.37,0.482,10.1,4
8.88,0.113,0.348,0.5,0.0504,11,21,0.9959,3.05,1.017,12.1,8
10.41,0.363,0.223,1.32,0.0662,15,59,0.9967,3.39,0.885,11.6,7
8.7,0.496,0.168,1.29,0.0943,30,71,0.9976,3.41,0.518,10.0,4
7.18,0.658,0.087,3.16,0.1214,27,67,0.9978,3.23,0.605,9.7,3
6.83,0.774,0.068,3.71,0.1414,24,76,0.998,3.56,0.468,9.7,3
6.55,0.271,0.166,2.41,0.0985,12,87,0.9969,3.54,0.587,9.4,4
8.95,0.662,0.157,4.83,0.1408,16,79,0.9967,3.45,0.436,9.5,3
13.01,0.43,0.628,1.52,0.0128,5,15,0.9961,2.97,0.924,12.5,8
12.61,0.287,0.572,1.03,0.0686,11,22,0.9975,3.17,1.03,13.5,8
7.46,0.595,0.153,3.34,0.1182,27,86,0.9986,3.47,0.606,9.0,3
11.57,0.258,0.508,0.97,0.0514,14,11,0.9963,3.09,0.754,12.9,8
5.65,0.926,0.094,4.25,0.1192,16,89,0.9988,3.4,0.669,8.8,3
7.65,0.388,0.315,0.93,0.0911,18,36,0.9971,3.33,0.62,10.7,6
8.84,0.367,0.184,1.12,0.086,18,35,0.9981,3.42,0.595,9.8,5
9.45,0.596,0.347,3.03,0.0991,7,61,0.9988,3.22,0.649,10.7,5
7.88,0.324,0.385,0.81,0.0829,11,13,0.9972,3.16,0.89,12.0,7
7.23,0.792,0.158,4.3,0.131,18,76,0.9987,3.34,0.455,9.5,3
8.44,0.275,0.196,2.65,0.0925,12,31,0.9959,3.31,0.562,9.6,5
8.53,0.673,0.0,3.04,0.0944,9,74,0.9968,3.52,0.587,9.0,4
8.11,0.464,0.345,1.56,0.0631,24,42,0.9961,3.28,0.586,11.1,6
8.19,0.572,0.004,3.59,0.0961,22,68,0.9992,3.38,0.538,9.7,3
10.15,0.24,0.347,1.9,0.0386,10,34,0.9947,3.28,0.831,11.8,7
10.3,0.228,0.291,2.57,0.0291,5,29,0.9968,3.27,0.858,11.6,7
7.0,0.436,0.264,3.15,0.0761,18,64,0.997,3.43,0.735,8.7,4
10.84,0.395,0.407,0.87,0.0158,6,13,0.9961,3.25,0.924,12.0,7
7.93,0.69,0.099,2.82,0.1213,19,58,0.9973,3.51,0.742,9.2,4
11.24,0.406,0.478,1.71,0.0593,10,11,0.9962,3.1,0.853,13.3,8
4.33,0.788,0.199,2.31,0.1385,23,70,0.998,3.63,0.56,9.2,3
7.34,0.76,0.164,2.38,0.1595,11,72,0.9987,3.45,0.458,10.6,3
10.73,0.204,0.507,1.97,0.0298,18,33,0.9961,3.27,1.001,11.8,7
10.58,0.3,0.54,1.56,0.0635,4,8,0.9932,3.22,0.988,13.4,8
7.41,0.594,0.23,3.4,0.109,14,46,0.9965,3.47,0.597,11.1,5
8.63,0.375,0.518,2.02,0.0911,10,21,0.9968,3.09,0.875,11.2,7
9.15,0.424,0.414,2.45,0.0439,10,41,0.9968,3.4,0.672,11.2,6
11.81,0.401,0.439,2.22,0.0396,10,32,0.997,3.28,0.875,13.3,8
11.08,0.304,0.506,0.73,0.022,13,10,0.996,3.24,0.921,13.2,8
9.68,0.204,0.571,0.62,0.0505,14,15,0.997,3.16,0.935,11.8,7
7.59,0.542,0.07,4.25,0.1302,23,61,1.0,3.28,0.346,8.7,3
10.72,0.268,0.405,1.92,0.0642,9,31,0.9951,3.14,0.781,11.2,7
7.48,0.754,0.107,3.97,0.1253,27,66,0.9982,3.52,0.385,9.2,3
10.41,0.224,0.321,0.5,0.0429,10,48,0.9965,3.25,0.829,12.2,7
11.57,0.348,0.395,1.8,0.0553,11,38,0.9968,3.2,1.004,12.1,7
12.37,0.293,0.47,0.97,0.0204,14,37,0.9944,3.19,0.886,13.2,8
8.8,0.665,0.298,2.19,0.1028,9,35,0.9975,3.26,0.635,10.1,5
8.6,0.586,0.378,1.53,0.0663,15,26,0.9983,3.27,0.869,10.7,5
8.54,0.588,0.245,1.38,0.0721,17,18,0.9978,3.39,0.588,9.7,4
7.67,0.786,0.031,2.75,0.1356,14,68,0.998,3.53,0.427,9.1,3
9.56,0.426,0.258,2.24,0.1165,6,60,0.9967,3.25,0.562,11.1,5
7.23,0.802,0.024,3.24,0.1284,21,90,0.9987,3.48,0.462,8.8,3
8.75,0.415,0.272,2.16,0.1145,14,55,0.9978,3.32,0.611,10.6,5
8.98,0.562,0.245,0.93,0.087,6,44,0.9958,3.15,0.721,11.0,6
8.78,0.404,0.292,1.8,0.0966,9,40,0.9977,3.17,0.814,11.0,6
8.97,0.452,0.382,1.49,0.051,10,35,0.9955,3.29,0.948,11.0,7
10.67,0.174,0.481,1.65,0.0833,12,45,0.9966,3.31,0.876,12.0,7
6.65,0.52,0.187,2.94,0.1056,12,56,0.9972,3.39,0.471,10.1,4
12.63,0.357,0.471,0.77,0.0487,5,16,0.9963,3.13,1.061,13.0,8
10.24,0.268,0.578,1.44,0.0736,9,44,0.9959,3.23,0.781,12.2,7
8.4,0.698,0.011,2.46,0.1355,14,87,0.9971,3.6,0.448,8.9,3
9.83,0.376,0.496,2.66,0.0992,2,29,0.9961,3.26,0.816,11.9,7
7.11,0.442,0.206,2.62,0.0714,9,69,0.9985,3.39,0.665,10.6,4
8.29,0.593,0.137,1.54,0.0909,12,42,0.9982,3.38,0.422,10.1,4
10.65,0.302,0.403,0.54,0.0665,14,19,0.9958,3.16,0.909,12.0,8
9.82,0.8,0.093,2.81,0.0927,15,73,0.9997,3.4,0.681,8.7,3
7.36,0.473,0.146,2.77,0.0744,8,66,0.9987,3.35,0.57,9.7,4
10.48,0.522,0.195,2.28,0.0694,15,28,0.996,3.36,0.689,11.1,6
9.97,0.1,0.3,1.65,0.0359,10,42,0.9963,3.15,0.872,11.6,7
8.86,0.401,0.259,2.44,0.0537,4,37,0.9968,3.36,0.735,11.0,6
7.22,0.717,0.0,2.2,0.1399,28,88,0.9987,3.41,0.492,9.1,3
10.07,0.418,0.224,1.92,0.094,13,44,0.9974,3.31,0.657,11.0,6
7.29,0.705,0.137,2.92,0.093,22,37,0.9977,3.26,0.626,9.7,4
8.58,0.503,0.272,0.97,0.0878,22,53,0.9974,3.26,0.571,10.3,5
11.53,0.38,0.474,1.62,0.0636,14,27,0.9965,3.19,1.139,13.0,8
10.26,0.373,0.458,0.79,0.064,11,14,0.9956,3.33,0.594,11.5,7
9.38,0.518,0.448,0.95,0.0599,8,27,0.996,3.26,0.866,12.3,7
9.62,0.369,0.171,2.37,0.0737,17,28,0.9974,3.27,0.75,11.3,6
8.88,0.672,0.175,2.36,0.1085,15,70,0.9989,3.39,0.691,10.8,4
8.41,0.253,0.424,1.51,0.0722,7,44,0.9962,3.37,0.885,11.7,7
12.32,0.179,0.446,0.92,0.0475,6,6,0.9953,3.13,1.027,13.3,8
10.83,0.515,0.528,0.97,0.0696,6,35,0.997,3.23,0.805,11.8,6
6.85,0.616,0.165,3.56,0.1192,18,69,0.9979,3.31,0.556,9.3,4
12.9,0.429,0.506,1.52,0.0522,9,34,0.9966,3.22,0.942,13.1,8
7.98,0.35,0.2,3.01,0.0461,15,32,0.9972,3.19,0.548,10.8,5
10.97,0.374,0.498,2.05,0.0523,11,41,0.9978,3.18,0.744,12.2,7
6.83,0.539,0.159,3.46,0.0857,17,69,0.9985,3.45,0.685,10.0,4
10.85,0.283,0.493,0.66,0.0486,17,21,0.9977,3.07,0.989,12.8,8
9.16,0.11,0.346,1.42,0.087,13,6,0.9973,3.24,0.748,12.0,7
9.99,0.497,0.436,1.84,0.0652,9,33,0.9976,3.22,0.937,10.8,6
7.61,0.815,0.161,3.23,0.1545,14,88,0.9991,3.4,0.619,9.1,3
7.31,0.717,0.01,4.28,0.1011,18,83,0.999,3.34,0.434,9.1,3
7.51,0.57,0.275,1.53,0.0906,14,9,0.9969,3.14,0.615,11.4,6
7.52,0.683,0.187,3.31,0.0778,19,62,0.9987,3.42,0.814,10.0,4
7.65,0.579,0.081,4.74,0.0986,29,83,0.9993,3.57,0.294,8.9,3
10.06,0.261,0.428,1.21,0.0837,11,34,0.9962,3.22,0.787,12.0,7
10.1,0.348,0.516,0.61,0.0544,14,34,0.9953,3.26,0.836,13.1,8
9.9,0.633,0.195,1.98,0.0785,20,33,0.9979,3.29,0.871,10.6,5
5.4,0.722,0.201,2.29,0.1167,24,33,0.9962,3.29,0.643,9.9,4
7.92,0.605,0.217,3.53,0.0505,20,59,0.997,3.32,0.447,9.7,4
7.86,0.39,0.194,3.86,0.0636,3,58,0.9977,3.38,0.697,10.6,5
7.69,0.508,0.04,4.14,0.1011,17,57,0.9975,3.43,0.608,9.7,4
8.67,0.577,0.435,1.45,0.0789,7,15,0.9971,3.35,0.867,11.3,6
7.31,0.577,0.056,1.89,0.1349,14,51,0.9972,3.13,0.832,10.0,5
12.42,0.376,0.517,1.86,0.0508,6,22,0.9951,2.99,0.956,12.9,8
6.06,0.872,0.12,3.05,0.1317,19,98,0.9981,3.38,0.356,8.8,3
6.45,0.407,0.274,1.14,0.0558,14,63,0.9961,3.12,0.8,11.6,6
6.08,0.493,0.245,3.69,0.1099,11,71,0.9966,3.38,0.595,10.3,4
8.13,0.492,0.398,2.19,0.0865,15,37,0.9968,3.32,0.623,10.7,5
8.84,0.572,0.202,3.01,0.0828,19,64,0.9987,3.39,0.681,10.4,4
8.34,0.518,0.451,1.1,0.0657,10,29,0.9968,3.36,0.668,10.0,6
10.17,0.335,0.48,0.5,0.0892,6,42,0.9972,3.31,0.779,11.3,6
8.92,0.521,0.228,2.55,0.0849,12,52,0.9956,3.28,0.611,10.9,5
7.28,0.858,0.006,3.48,0.1154,17,75,0.9985,3.55,0.648,9.2,3
10.42,0.277,0.316,1.87,0.0612,12,47,0.9982,3.26,0.691,10.9,6
7.64,0.498,0.325,2.63,0.0862,18,37,0.9971,3.28,0.6,10.1,5
8.63,0.66,0.237,3.01,0.1045,19,65,0.9976,3.42,0.626,9.7,4
8.62,0.767,0.084,3.04,0.0828,20,58,1.0,3.48,0.621,9.0,3
5.88,0.743,0.035,3.88,0.1027,21,86,0.9982,3.52,0.561,9.3,3
7.34,1.0,0.235,3.87,0.1038,20,83,0.9988,3.47,0.455,8.9,3
6.13,0.656,0.11,3.66,0.1193,22,89,0.998,3.59,0.477,8.4,3
10.15,0.505,0.432,1.5,0.058,12,50,0.9976,3.16,0.68,11.2,6
12.1,0.1,0.288,0.72,0.0285,6,32,0.9943,3.12,0.954,13.3,8
9.95,0.382,0.437,2.25,0.082,6,14,0.9964,3.32,0.635,11.4,6
11.0,0.311,0.549,0.85,0.052,11,13,0.9945,3.09,0.849,12.3,8
12.32,0.222,0.467,0.96,0.0191,12,25,0.996,3.04,0.807,12.7,8
9.43,0.486,0.24,1.76,0.0968,17,34,0.9984,3.26,0.713,10.6,5
9.68,0.419,0.301,1.27,0.085,14,9,0.9965,3.23,0.936,11.2,7
8.8,0.387,0.322,2.61,0.061,16,67,0.9975,3.26,0.741,10.5,5
8.45,0.386,0.373,2.16,0.0574,12,28,0.9963,3.28,0.869,12.5,7
9.6,0.465,0.392,1.41,0.0708,12,16,0.9972,3.25,1.0,12.3,7
10.41,0.283,0.446,1.17,0.0606,5,9,0.9973,3.11,0.883,13.2,8
8.74,0.518,0.212,2.44,0.0383,13,38,0.9971,3.32,0.705,10.2,5
9.9,0.398,0.535,2.21,0.0649,12,26,0.9953,3.24,0.886,12.4,7
10.29,0.499,0.207,1.77,0.0644,11,29,0.9961,3.17,0.584,10.7,6
5.95,0.971,0.054,2.91,0.119,21,76,0.9986,3.39,0.567,8.8,3
6.71,0.369,0.315,1.98,0.0896,6,53,0.9979,3.38,0.628,9.8,5
12.04,0.246,0.421,2.03,0.0929,8,13,0.9939,3.06,1.066,12.7,8
7.62,0.628,0.346,2.49,0.1152,12,33,0.9981,3.32,0.682,11.2,6
8.25,0.586,0.373,1.66,0.1114,12,56,0.998,3.46,0.637,10.5,5
9.65,0.494,0.207,0.5,0.0521,11,46,0.9966,3.32,0.819,10.3,5
9.38,0.1,0.391,1.94,0.0582,6,33,0.9964,3.1,0.943,11.7,7
7.05,0.633,0.117,2.1,0.1093,22,54,0.9975,3.28,0.749,10.0,4
5.72,0.644,0.125,3.15,0.1063,15,53,0.9977,3.2,0.516,9.6,4
7.2,0.721,0.344,2.15,0.1155,11,63,0.9981,3.2,0.72,9.7,4
11.65,0.3,0.529,0.83,0.0533,5,29,0.996,3.15,1.067,12.9,8
7.47,0.647,0.176,2.51,0.1079,11,62,0.9974,3.41,0.597,9.7,4
10.22,0.524,0.379,1.31,0.0492,7,32,0.9974,3.19,0.799,12.5,7
6.24,0.358,0.148,2.52,0.063,10,50,0.9964,3.34,0.63,10.3,5
10.83,0.566,0.488,2.28,0.0477,3,22,0.9962,3.22,0.902,12.4,8
10.49,0.298,0.53,1.09,0.0507,7,15,0.9955,3.11,0.89,13.1,8
8.37,0.262,0.417,2.19,0.0757,21,26,0.9966,3.27,0.527,10.7,6
11.5,0.286,0.468,2.35,0.0693,6,42,0.9959,3.35,0.755,11.7,6
10.56,0.409,0.151,2.39,0.111,8,50,0.9972,3.35,0.742,10.6,5
8.47,0.646,0.069,1.88,0.09,9,29,0.9975,3.29,0.653,10.7,5
8.11,0.37,0.154,2.08,0.0666,25,19,0.9972,3.24,0.697,10.6,5
9.16,0.613,0.318,3.47,0.1215,20,73,0.9985,3.41,0.519,10.4,4
10.03,0.415,0.212,0.91,0.0771,13,29,0.996,3.44,0.582,10.6,5
8.15,0.354,0.321,0.84,0.0329,13,32,0.9965,3.23,0.881,12.2,7
7.66,0.633,0.0,3.75,0.1065,17,43,0.9971,3.47,0.715,10.2,4
8.43,0.675,0.252,3.7,0.0691,20,76,0.9982,3.29,0.781,9.9,4
6.5,0.658,0.334,2.35,0.0498,17,67,0.9983,3.32,0.532,10.9,5
9.44,0.273,0.412,1.6,0.0972,1,38,0.9965,3.18,0.894,12.9,8
8.85,0.346,0.224,1.86,0.0799,17,37,0.9954,3.27,0.862,11.5,6
9.62,0.281,0.552,0.88,0.0378,4,30,0.9969,3.14,0.83,12.9,8
7.22,0.462,0.142,3.42,0.1553,20,71,0.9991,3.32,0.515,9.8,4
7.63,0.706,0.202,3.19,0.1316,18,67,0.998,3.42,0.628,10.1,4
9.48,0.303,0.483,2.73,0.0362,3,11,0.9968,3.24,0.886,12.2,7
9.36,0.502,0.343,2.18,0.0905,15,28,0.9959,3.29,0.76,10.5,6
8.84,0.448,0.257,1.62,0.0832,23,15,0.9974,3.2,0.677,10.8,6
7.0,0.527,0.252,2.21,0.0774,18,47,0.9963,3.28,0.754,11.6,6
7.43,0.449,0.206,3.33,0.1245,22,76,0.9985,3.33,0.55,9.5,4
8.98,0.289,0.435,2.49,0.0845,9,41,0.9962,3.36,0.76,11.0,6
9.2,0.497,0.354,2.39,0.0448,8,22,0.9958,3.19,0.73,11.2,7
7.48,0.919,0.28,3.23,0.1331,21,80,1.0,3.55,0.578,9.4,3
10.32,0.262,0.381,1.32,0.0471,6,6,0.9961,3.19,0.99,12.5,8
10.68,0.332,0.323,1.88,0.0533,4,27,0.9958,3.22,0.873,11.6,7
10.05,0.441,0.48,2.47,0.1086,10,37,0.9962,3.18,0.815,11.3,6
9.44,0.453,0.378,1.94,0.0404,21,22,0.996,3.29,0.792,11.2,6
6.28,0.77,0.0,3.22,0.1289,29,74,0.9981,3.33,0.499,9.2,3
7.87,0.333,0.275,1.64,0.072,7,51,0.9973,3.22,0.769,10.8,6
8.86,0.697,0.172,2.79,0.0916,20,63,0.9967,3.26,0.623,9.5,4
9.43,0.402,0.318,1.75,0.0659,12,32,0.9972,3.32,0.85,11.1,6
7.71,0.645,0.008,4.47,0.1067,19,69,0.998,3.53,0.559,9.2,3
9.27,0.437,0.46,2.05,0.0568,11,31,0.9972,3.24,0.721,10.9,6
9.48,0.211,0.555,0.5,0.0569,3,12,0.9973,3.16,0.949,13.1,8
9.44,0.922,0.005,3.44,0.1371,26,67,0.9981,3.64,0.494,9.0,3
8.33,0.298,0.295,1.57,0.0778,12,40,0.9973,3.2,0.817,11.3,6
7.69,0.743,0.196,2.94,0.1344,25,65,0.9991,3.35,0.395,10.4,3
7.5,0.535,0.392,2.2,0.0326,13,57,0.9965,3.22,0.867,11.9,6
11.23,0.356,0.387,0.62,0.0422,9,18,0.9971,3.24,0.803,11.2,7
4.14,0.851,0.168,3.62,0.1389,28,65,0.9984,3.54,0.554,9.1,3
8.15,0.337,0.307,0.57,0.0823,9,34,0.9954,3.11,0.758,11.8,7
6.53,0.765,0.068,2.77,0.1632,19,68,0.999,3.45,0.638,9.1,3
10.89,0.233,0.617,1.82,0.0765,12,18,0.9951,3.3,0.884,12.8,8
8.65,0.627,0.118,2.63,0.1084,19,86,0.9988,3.43,0.587,10.2,4
7.65,0.837,0.182,4.71,0.1129,31,63,0.999,3.53,0.449,9.1,3
6.04,0.857,0.0,2.74,0.1215,26,81,0.9984,3.37,0.44,9.5,3
8.85,0.434,0.306,2.59,0.0547,14,6,0.9969,3.23,0.646,10.8,6
5.66,0.746,0.229,2.86,0.1404,23,50,0.9977,3.33,0.583,9.2,3
8.01,0.637,0.147,2.39,0.0667,18,49,0.9979,3.45,0.582,9.4,4
7.95,0.69,0.239,2.51,0.0961,24,51,0.9973,3.44,0.624,10.2,4
10.46,0.48,0.441,1.54,0.0543,11,34,0.9966,3.12,1.032,12.5,8
11.15,0.249,0.427,1.13,0.0561,12,7,0.9962,3.02,0.923,12.7,8
11.68,0.214,0.415,0.5,0.067,11,31,0.9962,3.03,0.984,12.5,8
5.99,0.716,0.025,3.27,0.1411,24,60,0.9979,3.48,0.468,8.9,3
10.0,0.491,0.476,1.09,0.0564,9,23,0.9954,3.2,0.722,12.0,7
8.01,0.84,0.174,3.56,0.0792,20,89,0.999,3.49,0.527,8.5,3
9.7,0.342,0.379,1.0,0.0625,10,27,0.9954,3.08,0.842,11.8,7
9.47,0.255,0.504,1.47,0.0877,8,20,0.9974,3.27,0.88,13.2,8
9.22,0.467,0.093,3.88,0.0678,25,42,0.9975,3.38,0.425,9.5,4
10.81,0.328,0.518,1.55,0.0855,11,21,0.9955,3.08,0.9,12.5,8
11.09,0.368,0.516,0.6,0.043,15,15,0.9971,3.27,0.961,13.0,8
6.6,0.527,0.236,1.98,0.0725,11,54,0.997,3.25,0.662,10.7,5
11.68,0.327,0.366,1.91,0.077,12,18,0.9976,3.29,0.655,11.0,6
8.98,0.657,0.177,3.45,0.1197,24,73,0.9982,3.43,0.589,9.9,4
7.55,0.477,0.197,2.37,0.1028,21,51,0.9984,3.37,0.728,9.4,4
8.14,0.466,0.21,2.65,0.1247,19,69,0.9978,3.51,0.655,10.2,4
8.96,0.519,0.238,2.21,0.0721,15,25,0.9976,3.39,0.528,10.6,5
9.16,0.384,0.426,0.73,0.0289,7,39,0.9954,3.15,1.099,12.9,8
9.42,0.507,0.243,1.37,0.0826,8,30,0.9963,3.26,0.653,10.8,5
7.81,0.564,0.14,3.04,0.0759,18,67,0.9978,3.23,0.476,9.7,4
8.49,0.481,0.28,2.02,0.0957,9,50,0.9973,3.3,0.855,11.0,5
8.43,0.753,0.277,1.58,0.0843,12,42,0.997,3.27,0.662,10.8,5
10.4,0.455,0.362,2.08,0.0532,7,15,0.9974,3.16,0.848,10.6,6
6.85,0.527,0.171,2.15,0.0719,18,39,0.9973,3.25,0.588,10.2,5
6.44,0.509,0.092,3.12,0.1147,12,50,0.9975,3.38,0.636,9.6,4
9.19,0.337,0.449,1.62,0.0572,3,19,0.9967,3.26,0.807,11.7,6
6.38,0.621,0.0,3.26,0.1256,23,77,0.9994,3.34,0.527,9.2,3
8.3,0.638,0.122,3.8,0.0946,15,44,0.9981,3.35,0.433,10.7,4
10.14,0.275,0.476,1.72,0.043,4,41,0.9956,3.2,0.998,12.7,8
6.62,0.738,0.11,3.27,0.1389,30,97,0.9987,3.51,0.477,9.3,3
11.2,0.24,0.528,0.68,0.0556,4,17,0.9973,3.16,0.966,12.7,8
9.2,0.51,0.184,2.02,0.0759,10,53,0.9972,3.33,0.65,10.6,5
8.27,0.443,0.263,2.24,0.0708,8,40,0.9966,3.17,0.733,11.1,6
7.09,0.702,0.185,3.96,0.1159,22,87,0.9986,3.41,0.663,8.4,3
9.34,0.512,0.168,3.51,0.084,11,48,0.9963,3.33,0.685,10.3,5
11.82,0.34,0.398,1.52,0.0308,7,23,0.9953,3.12,0.942,12.3,8
8.11,0.396,0.392,2.61,0.0448,8,27,0.9953,3.23,0.852,11.3,6
9.13,0.665,0.182,2.48,0.0647,10,66,0.9981,3.23,0.616,10.4,4
9.17,0.525,0.414,2.45,0.1115,17,38,0.9968,3.2,0.81,10.4,5
10.58,0.481,0.412,0.9,0.0492,10,26,0.9957,3.31,0.793,11.0,7
10.95,0.335,0.532,0.5,0.0586,15,9,0.9965,3.15,0.91,12.9,8
9.73,0.416,0.243,1.78,0.0584,13,50,0.9972,3.2,0.816,10.8,6
7.08,0.666,0.13,3.35,0.1081,23,93,0.9983,3.43,0.611,8.9,3
11.43,0.325,0.535,2.59,0.0473,4,24,0.996,3.25,0.888,12.4,8
10.6,0.392,0.384,2.27,0.0755,7,37,0.9959,3.3,0.974,12.3,7
7.41,0.691,0.192,3.29,0.1484,24,95,0.9978,3.44,0.526,9.0,3
8.74,0.468,0.426,1.63,0.09,10,41,0.9968,3.4,0.599,10.3,5
6.98,0.73,0.056,4.19,0.0867,21,65,0.9984,3.63,0.499,8.5,3
9.34,0.453,0.358,2.29,0.0831,13,30,0.9976,3.14,0.544,9.9,5
9.49,0.202,0.511,0.5,0.0282,4,26,0.9954,3.16,0.883,13.0,8
9.4,0.427,0.284,2.3,0.0703,24,39,0.9971,3.38,0.59,10.0,5
8.89,0.285,0.34,1.25,0.0526,18,60,0.9971,3.32,0.674,11.7,6
7.37,0.613,0.107,4.18,0.1195,29,74,0.9986,3.39,0.489,8.9,3
8.85,0.29,0.258,1.6,0.0719,11,42,0.9977,3.18,0.786,11.1,6
8.85,0.343,0.228,1.4,0.0553,17,54,0.9968,3.33,0.998,11.2,6
11.59,0.404,0.346,2.05,0.0581,7,43,0.9963,2.92,0.912,12.1,7
7.63,0.649,0.186,2.86,0.1102,17,65,0.996,3.32,0.623,9.4,4
6.33,0.809,0.198,3.37,0.0812,20,58,0.9978,3.48,0.41,8.5,3
11.41,0.246,0.618,1.29,0.0694,13,42,0.9965,3.24,0.916,12.4,8
8.21,0.327,0.432,1.91,0.0278,13,19,0.9971,3.38,0.785,10.5,6
11.12,0.354,0.512,0.81,0.0376,6,7,0.9963,3.12,0.859,11.8,7
11.35,0.416,0.427,0.72,0.0572,10,9,0.997,3.12,0.869,11.9,7
8.42,0.474,0.276,0.53,0.107,15,34,0.9962,3.22,0.838,10.7,6
11.85,0.353,0.496,0.97,0.0656,8,7,0.9961,3.1,0.888,12.7,8
8.56,0.231,0.332,2.23,0.0789,17,35,0.9963,3.32,0.955,11.1,7
11.21,0.206,0.489,2.21,0.0814,10,6,0.9949,3.19,0.988,13.2,8
6.29,0.669,0.061,3.39,0.1539,15,69,0.9974,3.42,0.763,9.0,3
10.88,0.311,0.525,0.5,0.0546,11,33,0.9963,3.14,0.949,12.9,8
12.58,0.353,0.444,0.98,0.0386,7,21,0.9976,3.05,1.008,12.8,8
10.35,0.524,0.321,1.57,0.0653,9,59,0.9962,3.24,0.62,10.9,6
8.58,0.439,0.203,3.66,0.1181,14,62,0.9977,3.47,0.635,9.7,4
8.75,0.552,0.302,2.04,0.0529,10,30,0.9958,3.27,0.725,10.8,6
10.41,0.42,0.219,2.02,0.0792,13,24,0.996,3.19,0.876,11.7,7
8.93,0.282,0.302,1.67,0.0722,18,61,0.997,3.27,0.675,10.8,6
9.69,0.399,0.248,2.81,0.063,13,20,0.9951,3.11,0.75,12.2,7
9.21,0.456,0.23,2.22,0.1309,16,51,0.9982,3.41,0.571,9.9,4
6.3,0.908,0.05,3.53,0.1228,22,51,0.9984,3.21,0.542,9.1,3
8.81,0.416,0.17,0.73,0.0676,10,48,0.9953,3.21,0.812,10.6,6
8.61,0.537,0.182,2.69,0.092,20,63,0.9979,3.17,0.431,10.6,5
7.67,0.669,0.071,3.45,0.1145,21,77,0.9992,3.39,0.545,9.6,4
7.18,0.465,0.157,3.35,0.1215,14,56,0.9967,3.42,0.601,9.9,4
6.99,0.571,0.066,2.9,0.1284,16,54,0.9976,3.38,0.592,10.2,4
7.67,0.275,0.184,1.41,0.0957,8,48,0.9963,3.35,0.868,10.2,5
10.92,0.231,0.419,1.48,0.065,4,35,0.9958,3.2,0.849,11.8,7
11.44,0.316,0.37,1.38,0.0348,19,33,0.9949,3.18,1.139,12.6,8
9.94,0.556,0.407,2.12,0.0626,15,47,0.9967,3.32,0.541,10.9,5
9.72,0.297,0.539,0.52,0.0551,12,30,0.9956,3.31,0.819,12.1,7
10.31,0.268,0.366,1.48,0.0531,10,18,0.9952,3.15,0.917,11.5,7
9.39,0.374,0.22,1.11,0.0569,4,47,0.9948,3.32,0.687,10.7,6
8.22,0.718,0.242,3.47,0.1028,15,45,0.9971,3.3,0.573,10.1,4
8.71,0.318,0.43,2.61,0.0604,14,32,0.9951,3.32,0.736,11.3,7
8.85,0.66,0.158,3.12,0.1267,13,72,0.9972,3.49,0.637,10.0,4
10.02,0.442,0.215,2.12,0.0386,12,76,0.9963,3.38,0.653,10.1,5
10.46,0.513,0.465,2.39,0.1028,13,56,0.9977,3.18,0.75,11.4,6
7.73,0.5,0.248,2.69,0.0731,15,46,0.9969,3.36,0.724,10.5,5
7.72,0.484,0.103,1.45,0.114,18,48,0.9972,3.37,0.563,9.5,4
12.15,0.274,0.351,1.7,0.079,15,26,0.9961,3.26,0.803,11.8,7
8.18,0.51,0.167,0.6,0.0778,9,31,0.9963,3.23,0.657,10.7,5
6.01,0.817,0.153,3.26,0.0919,22,77,0.9985,3.54,0.341,9.1,3
5.67,0.85,0.0,3.76,0.124,27,63,1.0003,3.52,0.456,9.3,3
7.72,0.533,0.462,0.8,0.0235,11,27,0.9961,3.34,0.945,11.3,6
8.26,0.479,0.372,2.36,0.0625,12,62,0.9983,3.28,0.673,10.6,5
7.83,0.4,0.179,1.2,0.0358,7,40,0.9965,3.16,0.803,10.4,6
8.69,0.377,0.407,1.03,0.0785,8,29,0.9962,3.29,0.69,12.0,7
9.79,0.282,0.458,1.92,0.0696,6,7,0.9955,3.11,0.82,13.0,8
11.55,0.223,0.574,1.51,0.0367,13,6,0.9955,3.1,0.679,13.3,8
8.91,0.548,0.2,1.8,0.0922,12,45,0.9981,3.38,0.706,10.4,5
7.22,0.455,0.183,0.5,0.0495,17,30,0.9974,3.41,0.58,10.5,5
11.32,0.333,0.393,1.64,0.06,6,28,0.9968,3.12,0.989,13.4,8
7.73,0.686,0.064,3.71,0.0811,19,53,0.9977,3.43,0.594,9.7,4
7.26,0.705,0.146,2.04,0.0933,22,63,0.9963,3.44,0.536,9.9,4
7.96,0.328,0.341,1.91,0.069,11,47,0.9967,3.24,0.68,10.5,6
6.18,0.691,0.035,3.23,0.1509,26,85,0.9981,3.61,0.39,9.3,3
10.91,0.381,0.447,1.79,0.0348,9,49,0.9965,3.19,0.873,11.7,7
7.33,0.734,0.326,1.66,0.0865,19,38,0.9975,3.33,0.585,11.3,5
11.44,0.366,0.221,1.92,0.0749,13,38,0.9967,3.2,0.563,10.5,6
5.65,0.79,0.183,2.47,0.104,18,72,0.9979,3.41,0.459,9.2,3
10.96,0.382,0.501,0.59,0.0858,10,38,0.9971,3.27,0.817,12.3,7
11.29,0.163,0.533,0.79,0.1021,6,26,0.997,3.09,0.925,12.6,8
9.99,0.316,0.333,0.67,0.0528,7,22,0.9976,3.31,0.892,11.7,7
10.61,0.485,0.459,1.8,0.0668,13,30,0.9951,3.34,0.793,12.2,7
5.69,0.707,0.139,3.68,0.1406,26,75,0.9984,3.47,0.352,8.9,3
10.75,0.184,0.608,1.2,0.0409,4,28,0.9965,3.19,1.001,13.5,8
8.78,0.573,0.309,2.62,0.0931,15,54,0.9973,3.22,0.718,10.0,5
9.34,0.647,0.198,1.83,0.0996,17,47,0.9986,3.41,0.749,9.2,4
7.2,0.714,0.35,2.64,0.1266,17,83,0.9972,3.29,0.528,10.2,4
8.42,0.567,0.208,2.48,0.0971,22,79,0.9983,3.42,0.393,10.4,4
9.69,0.507,0.463,0.99,0.0707,12,34,0.9966,3.12,0.918,11.7,7
10.81,0.383,0.63,2.04,0.0605,19,7,0.997,3.14,1.034,12.8,8
8.64,0.398,0.199,2.01,0.0893,19,56,0.9981,3.28,0.746,10.1,5
7.18,0.654,0.271,2.06,0.0323,18,43,0.9978,3.33,0.562,10.6,5
10.42,0.393,0.353,1.87,0.0463,17,23,0.9961,3.08,0.709,12.1,7
8.8,0.529,0.317,1.86,0.057,9,52,0.9971,3.39,0.71,9.6,5
7.78,0.575,0.246,2.49,0.1163,16,79,0.9991,3.48,0.475,9.8,4
8.66,0.249,0.416,1.78,0.0387,13,30,0.9978,3.24,0.465,10.5,6
10.32,0.231,0.429,1.92,0.0311,13,33,0.9959,3.07,0.987,13.3,8
9.1,0.544,0.231,1.7,0.0993,13,53,0.9968,3.3,0.572,10.1,5
8.77,0.528,0.32,1.01,0.0918,9,47,0.9978,3.26,0.628,9.8,5
9.53,0.518,0.49,2.15,0.049,21,25,0.9966,3.27,0.65,10.9,6
8.81,0.465,0.315,1.98,0.0874,16,29,0.9956,3.24,0.566,11.1,6
9.85,0.613,0.342,2.71,0.1194,25,57,0.9981,3.32,0.667,9.3,4
7.91,0.369,0.27,2.86,0.1177,19,68,0.9967,3.28,0.59,11.1,5
7.95,0.521,0.131,2.39,0.0894,24,76,0.9988,3.36,0.5,9.7,4
6.76,0.894,0.099,3.08,0.1402,23,77,0.9979,3.49,0.513,9.0,3
9.18,0.447,0.308,2.27,0.0913,6,33,0.9975,3.35,0.749,10.3,5
10.7,0.3,0.53,0.5,0.0723,14,13,0.9969,3.17,0.788,13.2,8
10.4,0.303,0.354,1.12,0.0474,9,16,0.9968,3.23,0.817,11.5,7
7.46,0.674,0.0,3.5,0.0941,18,82,0.9985,3.5,0.523,9.0,3
7.54,0.519,0.296,1.7,0.0814,12,25,0.9962,3.36,0.572,11.3,6
6.98,0.563,0.264,2.86,0.1039,22,57,0.9987,3.44,0.624,9.4,4
8.01,0.241,0.433,1.98,0.0247,8,57,0.9974,3.27,0.751,10.9,6
12.36,0.129,0.643,1.6,0.0452,6,28,0.9956,3.1,0.783,12.5,8
8.55,0.681,0.235,2.2,0.0915,24,40,0.9983,3.41,0.739,10.0,4
12.08,0.298,0.461,1.15,0.0421,20,10,0.9959,3.16,0.864,12.9,8
12.0,0.261,0.55,0.51,0.0238,4,6,0.9956,3.22,0.779,11.9,8
10.71,0.181,0.533,0.5,0.0514,11,15,0.9961,3.09,0.939,12.1,8
4.99,0.764,0.189,4.14,0.1101,21,66,0.999,3.51,0.586,8.8,3
8.93,0.488,0.25,1.82,0.1132,13,36,0.9958,3.39,0.767,9.8,5
11.77,0.383,0.285,1.99,0.0542,11,22,0.9955,3.08,0.84,12.6,8
8.76,0.376,0.325,3.24,0.087,17,47,0.9974,3.22,0.76,10.6,5
10.03,0.391,0.523,1.61,0.0381,13,38,0.9955,3.18,0.769,11.6,7
6.85,0.614,0.217,4.37,0.1294,20,87,0.9988,3.48,0.456,8.8,3
7.17,0.899,0.044,3.53,0.1145,17,61,0.9971,3.62,0.507,8.8,3
8.17,0.836,0.11,3.4,0.1361,22,70,1.0,3.34,0.453,8.5,3
10.76,0.325,0.553,1.0,0.0765,9,6,0.9969,3.34,0.819,12.3,8
8.74,0.32,0.447,2.62,0.0909,17,15,0.9965,3.46,0.584,10.9,6
9.01,0.316,0.385,1.67,0.0973,6,25,0.997,3.23,0.616,11.3,6
10.06,0.373,0.249,2.09,0.0697,10,53,0.9963,3.21,0.766,10.5,6
8.63,0.714,0.238,2.21,0.1261,27,75,0.9972,3.3,0.719,9.6,4
11.17,0.242,0.452,2.21,0.0629,10,35,0.9951,3.21,0.841,12.4,7
9.2,0.462,0.113,1.42,0.0545,22,49,0.9977,3.34,0.796,10.3,5
9.67,0.288,0.417,1.54,0.0557,15,32,0.995,3.11,1.01,11.1,7
13.21,0.383,0.538,0.94,0.059,9,24,0.9965,3.11,1.103,12.3,8
7.81,0.552,0.18,1.6,0.1006,7,27,0.9966,3.18,1.001,11.0,5
9.97,0.43,0.279,1.82,0.0511,4,30,0.9962,3.32,0.787,12.1,7
8.0,0.7,0.049,2.44,0.128,20,55,0.9987,3.41,0.379,9.7,3
8.02,0.267,0.31,2.84,0.118,10,16,0.9962,3.44,0.625,11.0,6
8.33,0.427,0.335,2.02,0.0396,19,48,0.9975,3.36,0.669,11.6,6
10.37,0.481,0.246,2.1,0.0773,20,25,0.9969,3.28,0.753,10.8,6
6.3,0.831,0.0,3.68,0.1031,26,86,0.9989,3.35,0.485,9.4,3
7.12,0.596,0.187,2.42,0.1047,20,78,0.9987,3.35,0.602,9.7,4
11.8,0.1,0.473,1.35,0.0503,6,10,0.9949,3.23,0.861,12.2,8
10.65,0.262,0.405,1.19,0.0542,16,22,0.9971,3.25,0.812,11.6,7
10.53,0.476,0.293,2.47,0.097,7,34,0.9954,3.36,0.798,11.0,6
8.59,0.456,0.139,2.19,0.1407,17,50,0.9978,3.33,0.423,8.8,4
6.11,0.828,0.059,2.89,0.0673,23,73,0.9989,3.34,0.424,9.6,3
7.63,0.926,0.155,5.0,0.0967,17,77,0.9997,3.44,0.453,9.7,3
8.46,0.531,0.206,1.9,0.0981,9,35,0.9974,3.24,0.64,11.1,6
7.05,0.729,0.17,3.19,0.1331,21,74,0.9982,3.41,0.573,8.8,3
9.22,0.453,0.26,2.43,0.0881,15,60,0.9964,3.32,0.822,10.4,5
8.69,0.784,0.259,4.12,0.1221,16,61,0.9986,3.46,0.588,9.8,4
7.16,0.623,0.184,3.21,0.0989,10,61,0.9969,3.37,0.515,9.7,4
10.43,0.226,0.498,1.65,0.0588,1,19,0.9964,3.1,0.978,13.2,8
8.68,0.592,0.315,1.63,0.1127,21,65,0.9977,3.44,0.657,9.7,4
8.58,0.706,0.268,3.62,0.0915,12,49,0.9986,3.38,0.527,9.8,4
5.93,0.939,0.156,3.19,0.121,24,83,0.9982,3.45,0.557,8.6,3
6.53,0.446,0.266,2.06,0.1133,21,49,0.9973,3.24,0.648,10.4,5
6.55,0.756,0.233,1.6,0.0627,19,50,0.9969,3.37,0.414,10.1,5
11.61,0.52,0.369,1.83,0.079,16,38,0.9961,3.3,0.636,11.3,6
7.0,0.747,0.032,3.48,0.099,30,63,0.9981,3.55,0.519,9.1,3
8.94,0.335,0.301,2.12,0.1119,15,43,0.9967,3.28,0.815,10.2,5
5.91,0.474,0.09,1.52,0.1306,12,48,0.9983,3.42,0.529,10.3,4
9.48,0.558,0.257,2.51,0.1171,18,50,0.9977,3.43,0.541,10.2,5
7.05,0.83,0.249,3.32,0.1062,17,48,0.999,3.44,0.651,9.4,4
9.83,0.537,0.444,1.22,0.0849,23,61,0.9973,3.28,0.563,9.4,5
7.03,0.507,0.213,3.56,0.0777,19,59,0.9983,3.29,0.737,9.7,4
8.25,0.346,0.366,1.15,0.0796,15,32,0.9961,3.19,0.828,11.8,7
10.65,0.448,0.558,1.08,0.0671,16,20,0.9962,3.21,0.873,13.4,8
8.4,0.6,0.071,1.98,0.0898,18,42,1.0003,3.28,0.5,9.7,4
8.61,0.717,0.215,3.6,0.1191,24,56,0.9973,3.41,0.493,9.1,3
10.37,0.521,0.529,1.11,0.0677,13,32,0.9965,3.26,0.936,12.4,7
9.43,0.409,0.203,1.89,0.07,12,34,0.9964,3.27,0.877,11.1,6
9.16,0.322,0.306,1.66,0.0501,20,52,0.9987,3.26,0.608,10.7,5
8.41,0.546,0.33,2.6,0.0852,13,27,0.9971,3.21,0.819,10.9,6
9.21,0.565,0.198,2.68,0.0928,16,79,0.998,3.53,0.552,9.8,4
9.45,0.359,0.39,1.08,0.047,2,33,0.9973,3.13,0.758,12.2,7
9.42,0.489,0.382,1.57,0.0652,8,43,0.9976,3.29,0.644,11.3,6
7.85,0.214,0.347,2.4,0.0795,8,41,0.9967,3.39,0.827,11.1,6
8.94,0.445,0.271,2.22,0.0666,15,38,0.9978,3.17,0.823,10.6,5
9.11,0.521,0.477,0.5,0.0633,13,35,0.9984,3.18,0.919,10.9,6
9.92,0.429,0.228,2.62,0.0722,9,29,0.9972,3.24,0.58,11.7,6
8.84,0.199,0.5,2.79,0.0613,5,27,0.9971,3.16,0.827,12.1,7
6.05,0.773,0.125,4.55,0.128,27,80,0.9984,3.49,0.392,9.8,3
11.36,0.374,0.25,0.5,0.0673,3,18,0.9958,3.11,0.869,11.0,6
10.92,0.269,0.406,1.52,0.0409,9,36,0.9951,3.11,1.114,12.8,8
10.86,0.48,0.48,1.22,0.0195,4,15,0.9956,3.19,0.779,11.6,7
11.43,0.372,0.38,1.92,0.0725,10,35,0.9968,3.24,0.673,13.1,7
10.72,0.504,0.431,1.46,0.0329,8,22,0.9957,3.15,0.787,11.7,7
8.66,0.573,0.297,2.39,0.101,16,37,0.9968,3.41,0.595,10.9,5
8.41,0.425,0.228,2.48,0.0543,12,26,0.997,3.4,0.689,10.4,5
10.1,0.224,0.389,2.24,0.0289,1,7,0.9956,3.17,0.861,12.8,8
6.8,0.428,0.311,1.97,0.1012,14,37,0.9971,3.46,0.798,11.1,6
9.75,0.208,0.466,0.5,0.0242,11,32,0.996,3.13,1.105,13.1,8
9.62,0.416,0.389,1.13,0.0273,7,33,0.9962,3.25,0.968,11.7,7
9.89,0.338,0.476,1.68,0.0569,13,33,0.9961,3.2,1.029,13.2,8
7.41,0.779,0.118,2.46,0.1112,15,75,0.9982,3.29,0.527,9.4,4
8.09,0.726,0.318,1.94,0.125,19,30,0.9972,3.33,0.447,10.3,5
9.96,0.401,0.466,1.96,0.0599,15,41,0.9978,3.3,0.68,10.4,5
8.14,0.688,0.137,3.61,0.1088,19,84,0.9995,3.5,0.354,9.8,3
10.0,0.397,0.3,2.18,0.118,10,50,0.9968,3.35,0.701,10.0,5
9.65,0.376,0.477,0.51,0.0596,10,19,0.9955,3.15,0.908,13.2,8
6.98,0.726,0.107,3.66,0.077,20,74,0.9989,3.43,0.688,10.1,4
8.11,0.441,0.258,0.91,0.0472,2,63,0.9969,3.1,0.7,11.7,7
7.33,0.684,0.251,3.41,0.0869,29,50,0.9986,3.46,0.262,8.9,4
10.57,0.34,0.279,1.13,0.0843,10,40,0.997,3.26,0.662,11.0,6
7.63,0.952,0.148,3.98,0.1148,21,55,0.9986,3.45,0.625,9.0,3
6.86,0.659,0.179,3.66,0.1662,31,79,0.999,3.34,0.472,8.8,3
8.64,0.605,0.172,4.23,0.155,15,80,0.9977,3.45,0.616,8.8,3
10.21,0.264,0.528,1.78,0.0328,14,25,0.9957,3.11,0.893,12.4,8
10.71,0.44,0.472,0.9,0.0446,20,6,0.9958,3.06,0.823,11.9,7
7.66,0.381,0.318,3.6,0.0796,14,37,0.9978,3.3,0.601,10.6,5
9.29,0.83,0.019,3.52,0.1061,23,90,0.9978,3.53,0.693,9.6,3
8.7,0.506,0.082,3.46,0.1328,14,47,0.998,3.29,0.524,9.7,4
9.49,0.239,0.38,0.9,0.0676,11,28,0.9979,3.16,0.922,11.6,7
8.19,0.592,0.231,1.96,0.0607,13,43,0.9971,3.34,0.697,9.5,5
9.42,0.207,0.537,1.19,0.0548,18,15,0.9955,3.28,0.959,12.9,8
7.63,0.501,0.383,1.88,0.0454,15,58,0.9972,3.19,0.658,10.0,5
7.83,0.692,0.0,2.19,0.1321,14,63,0.9992,3.5,0.544,8.9,3
9.4,0.792,0.219,3.38,0.1221,20,79,0.9985,3.39,0.647,9.3,4
8.37,0.503,0.195,2.46,0.09,14,62,0.9986,3.35,0.462,9.4,4
6.32,0.591,0.088,2.64,0.0738,23,69,0.9985,3.37,0.616,9.9,4
6.62,0.782,0.0,3.95,0.1414,23,79,0.9971,3.44,0.65,9.8,3
8.98,0.608,0.121,3.4,0.0758,18,43,0.9975,3.28,0.576,10.1,4
11.18,0.484,0.486,1.17,0.0819,1,6,0.9948,3.11,0.843,13.0,8
10.29,0.342,0.539,1.6,0.0744,15,30,0.9957,3.31,0.838,11.1,7
12.46,0.257,0.55,1.69,0.0737,9,11,0.9971,3.22,0.967,13.2,8
9.9,0.204,0.459,1.18,0.0455,8,6,0.9958,3.15,0.782,13.6,8
9.32,0.287,0.298,2.19,0.0541,11,33,0.9958,3.17,0.81,11.7,7
9.16,0.7,0.28,2.74,0.1257,20,60,0.9981,3.46,0.629,9.6,4
11.62,0.254,0.492,1.08,0.0573,6,20,0.9953,3.29,0.844,12.7,8
9.41,0.351,0.349,1.19,0.0744,10,49,0.997,3.28,0.706,11.2,6
7.63,0.78,0.0,3.99,0.1013,21,71,0.9994,3.41,0.517,9.4,3
9.81,0.316,0.375,1.27,0.0518,9,26,0.9952,3.39,0.889,11.7,7
7.85,0.503,0.207,1.74,0.1058,16,43,0.9974,3.33,0.683,10.6,5
7.92,0.512,0.28,1.05,0.0886,18,39,0.997,3.28,0.769,10.1,5
9.24,0.561,0.392,1.89,0.0877,9,26,0.9959,3.26,0.681,10.8,5
11.37,0.126,0.468,1.15,0.0397,14,12,0.9958,3.31,0.802,13.2,8
12.28,0.298,0.341,0.81,0.0193,9,10,0.9956,3.08,1.057,12.9,8
8.21,0.869,0.059,3.71,0.1471,27,66,0.9985,3.44,0.46,9.7,3
7.82,0.289,0.333,1.26,0.0628,10,31,0.9967,3.21,0.752,11.0,6
8.37,0.256,0.474,1.14,0.0614,12,27,0.9959,3.24,0.931,11.4,7
10.07,0.144,0.531,1.86,0.0137,11,34,0.9959,3.1,0.576,12.2,8
8.27,0.423,0.532,1.53,0.0643,15,40,0.9957,3.27,0.915,12.1,7
7.37,0.603,0.21,3.09,0.0651,15,62,0.9973,3.4,0.669,10.4,4
8.29,0.409,0.329,2.32,0.0567,13,23,0.997,3.26,1.01,11.4,7
7.44,0.632,0.13,1.91,0.0758,19,57,0.999,3.36,0.648,9.3,4
8.2,0.547,0.23,3.26,0.1039,18,48,0.9984,3.38,0.674,9.5,4
6.15,0.67,0.025,3.06,0.12,17,58,0.9981,3.46,0.361,9.3,3
12.18,0.184,0.413,1.17,0.0463,4,16,0.9951,3.12,0.99,13.2,8
8.59,0.516,0.321,1.6,0.0539,12,53,0.9956,3.27,0.932,11.6,7
8.59,0.486,0.222,1.91,0.0866,19,39,0.9959,3.42,0.664,10.1,5
7.81,0.421,0.356,3.93,0.134,14,70,0.9964,3.25,0.518,10.4,4
7.07,0.398,0.282,0.86,0.0917,13,44,0.9964,3.37,0.479,10.0,5
6.62,0.456,0.151,4.4,0.0784,12,82,0.998,3.47,0.648,10.3,4
9.62,0.247,0.54,1.8,0.0592,18,38,0.9963,3.18,0.829,11.4,7
9.68,0.357,0.18,2.15,0.0435,13,24,0.9959,3.33,0.615,11.4,6
7.14,0.962,0.009,4.25,0.145,16,82,0.9972,3.4,0.541,9.4,3
10.15,0.264,0.35,2.02,0.0321,1,22,0.9961,3.42,0.907,11.9,7
5.88,0.824,0.195,2.67,0.1163,34,77,0.9995,3.4,0.488,9.4,3
10.76,0.52,0.455,0.94,0.0791,8,10,0.9951,3.2,0.847,12.8,8
9.83,0.594,0.377,2.38,0.0694,15,20,0.9973,3.06,0.838,11.3,7
11.16,0.386,0.409,1.04,0.0636,11,39,0.9975,3.16,0.496,10.8,6
7.46,0.715,0.134,4.04,0.1177,25,78,0.9996,3.45,0.452,9.2,3
9.69,0.32,0.353,1.55,0.0783,2,25,0.9961,3.23,0.756,11.5,7
9.91,0.427,0.228,0.5,0.0841,15,22,0.997,3.33,0.654,10.8,6
10.13,0.367,0.389,2.08,0.0331,8,31,0.9966,3.09,0.953,11.7,7
7.98,0.319,0.529,0.6,0.0546,7,28,0.9975,3.06,0.803,11.7,7
7.63,0.712,0.245,3.07,0.079,17,36,0.9958,3.26,0.761,10.9,5
7.82,0.456,0.349,1.14,0.0677,5,25,0.9963,3.3,0.636,11.7,7
8.79,0.444,0.158,2.08,0.1013,21,48,0.9974,3.39,0.69,10.2,5
7.59,0.74,0.221,2.52,0.1156,10,67,0.9968,3.27,0.62,9.6,4
7.04,0.575,0.005,3.28,0.1064,22,69,0.9989,3.44,0.446,8.0,3
9.77,0.493,0.263,1.54,0.0652,15,68,0.9982,3.32,0.828,10.7,5
9.24,0.458,0.22,1.3,0.0933,19,27,0.9954,3.36,0.593,10.4,5
9.39,0.69,0.032,1.72,0.1297,20,56,0.9984,3.44,0.539,9.4,4
8.19,0.725,0.146,2.96,0.1224,11,55,0.9984,3.4,0.62,9.3,4
9.85,0.453,0.611,1.8,0.0831,13,38,0.997,3.18,0.735,11.3,6
10.45,0.45,0.284,1.81,0.0932,13,35,0.9984,3.35,0.561,11.0,5
7.61,0.335,0.327,2.84,0.0644,2,42,0.9977,3.11,0.749,10.8,6
7.55,0.544,0.062,2.34,0.0945,9,56,0.9967,3.31,0.434,10.1,4
6.49,0.511,0.368,1.32,0.1046,20,21,0.9958,3.34,0.711,10.8,5
7.26,0.663,0.063,2.45,0.0765,25,59,0.9989,3.39,0.56,9.8,4
7.28,0.841,0.06,3.24,0.1154,27,79,0.9981,3.42,0.556,9.2,3
7.23,0.489,0.465,2.75,0.0627,1,33,0.9965,3.27,0.632,11.5,6
11.81,0.286,0.51,0.59,0.0441,7,17,0.997,3.12,0.808,12.7,8
7.4,0.671,0.0,3.65,0.1096,17,84,0.9976,3.52,0.54,9.4,3
10.1,0.452,0.536,1.21,0.0375,16,12,0.9956,3.25,0.843,12.1,8
13.59,0.202,0.435,1.08,0.0387,4,20,0.9964,3.2,0.989,12.4,8
10.63,0.484,0.42,1.74,0.0671,8,36,0.9964,3.17,0.783,12.0,7
8.17,0.503,0.167,2.9,0.1357,23,55,0.9967,3.3,0.591,10.2,4
9.69,0.257,0.312,2.74,0.0602,7,21,0.9948,3.19,0.846,12.2,7
9.0,0.293,0.207,2.83,0.024,23,49,0.9963,3.27,0.649,10.7,6
8.83,0.604,0.163,3.29,0.0907,22,63,0.9975,3.43,0.446,9.4,4
9.68,0.444,0.268,3.01,0.0867,14,37,0.9964,3.27,0.614,10.4,5
10.24,0.312,0.329,0.54,0.0712,17,31,0.9964,3.35,0.649,11.3,6
11.17,0.328,0.44,2.14,0.0824,8,22,0.9972,3.22,0.769,12.0,7
7.48,0.476,0.297,2.39,0.1133,23,56,0.9978,3.36,0.524,9.7,4
10.31,0.334,0.394,1.16,0.0567,8,20,0.9969,3.2,0.877,11.3,7
7.04,0.493,0.243,2.73,0.0828,10,29,0.9964,3.31,0.696,9.6,5
7.48,0.478,0.269,2.82,0.0979,15,54,0.9965,3.31,0.67,10.7,5
7.35,0.544,0.248,2.62,0.1068,5,52,0.9959,3.43,0.701,11.1,5
9.23,0.425,0.344,0.72,0.0431,11,35,0.9958,3.34,0.899,11.2,7
9.46,0.251,0.545,1.52,0.027,6,11,0.9959,3.23,0.814,12.7,8
9.17,0.538,0.222,2.76,0.0445,10,44,0.9987,3.32,0.728,9.8,5
11.0,0.65,0.212,2.39,0.0879,20,30,0.9967,3.47,0.538,10.1,5
7.29,0.516,0.184,3.91,0.1108,3,61,0.9976,3.53,0.574,9.6,4
8.81,0.573,0.231,1.86,0.0811,10,73,0.9981,3.21,0.632,10.1,5
9.93,0.213,0.494,1.54,0.0278,11,30,0.9956,3.17,0.866,12.5,7
7.54,0.66,0.003,3.14,0.1212,17,84,0.9989,3.37,0.42,9.5,3
7.8,0.527,0.496,2.25,0.0687,11,45,0.9969,3.24,0.699,11.4,6
11.73,0.451,0.508,2.51,0.0558,9,25,0.9958,3.27,0.787,11.4,7
7.68,0.283,0.268,1.68,0.0667,10,35,0.9973,3.26,0.753,10.5,5
10.32,0.327,0.269,2.62,0.0394,14,34,0.9967,3.3,0.711,11.1,6
7.67,0.588,0.195,2.35,0.0911,10,54,0.998,3.52,0.582,10.9,5
10.19,0.309,0.493,1.59,0.0395,16,30,0.9963,3.17,0.885,12.8,8
9.8,0.55,0.494,1.29,0.0437,11,30,0.9959,3.2,0.884,12.3,7
10.23,0.484,0.401,1.08,0.0556,6,41,0.995,3.25,0.854,11.4,7
7.79,0.699,0.262,1.43,0.0686,9,49,0.9993,3.3,0.691,9.4,4
12.43,0.356,0.448,1.23,0.0814,3,12,0.9963,3.13,0.932,13.2,8
11.72,0.383,0.376,1.7,0.0855,13,17,0.9962,3.24,0.928,11.6,7
6.78,0.477,0.176,2.11,0.0828,15,64,0.9966,3.21,0.439,10.4,5
9.78,0.244,0.312,1.87,0.0866,6,20,0.9962,3.29,0.819,11.8,7
9.75,0.338,0.588,1.28,0.083,6,7,0.9968,3.23,0.845,12.8,8
8.62,0.449,0.262,1.45,0.1055,9,18,0.9956,3.47,0.596,10.4,5
10.02,0.145,0.514,1.54,0.0501,6,38,0.9973,3.17,0.793,12.6,8
7.55,0.656,0.013,3.36,0.1034,25,54,0.9998,3.55,0.688,9.2,3
8.65,0.374,0.179,2.49,0.0761,13,28,0.996,3.29,0.58,10.0,5
9.28,0.436,0.252,0.5,0.0415,14,21,0.9971,3.28,0.718,11.2,6
9.88,0.487,0.29,1.65,0.0804,15,62,0.9957,3.26,0.755,11.3,6
9.38,0.19,0.619,1.43,0.0255,9,15,0.9946,3.1,0.986,12.6,8
10.69,0.333,0.344,1.64,0.0935,5,13,0.9952,3.28,0.603,12.6,7
10.15,0.232,0.467,1.36,0.0166,9,23,0.995,3.2,0.859,11.3,7
9.78,0.526,0.178,2.89,0.0942,16,30,0.9976,3.36,0.642,9.8,5
8.94,0.46,0.304,1.67,0.0646,11,29,0.9974,3.28,0.887,9.8,5
7.47,0.508,0.282,2.53,0.1178,16,68,0.9975,3.33,0.624,9.5,4
9.37,0.337,0.301,1.38,0.07,11,27,0.9961,3.32,0.736,10.4,6
6.95,0.421,0.146,2.41,0.0397,1,30,0.997,3.41,0.598,10.5,5
5.32,0.706,0.032,4.37,0.1412,19,75,0.9993,3.49,0.507,9.1,3
6.67,0.588,0.378,3.87,0.0885,15,59,0.9966,3.39,0.709,10.1,4
7.7,0.573,0.27,2.35,0.093,13,66,0.9974,3.38,0.656,10.0,4
11.73,0.1,0.596,1.36,0.043,10,29,0.9952,3.25,1.028,12.6,8
9.15,0.166,0.402,2.24,0.0894,14,34,0.9973,3.26,0.776,10.5,6
9.39,0.272,0.453,1.52,0.0322,7,18,0.997,3.29,0.973,11.6,7
11.62,0.272,0.447,1.33,0.0238,6,7,0.9944,3.29,0.812,13.2,8
11.28,0.315,0.315,1.11,0.075,2,32,0.995,3.17,0.848,12.6,8
10.55,0.389,0.37,1.79,0.0242,11,28,0.9961,3.31,0.851,12.7,8
10.64,0.279,0.501,0.5,0.0267,12,12,0.9958,3.27,0.832,12.9,8
8.4,0.437,0.181,3.26,0.0875,18,53,0.999,3.5,0.538,10.3,4
10.56,0.405,0.512,0.73,0.0674,15,6,0.9953,3.13,0.825,12.8,8
9.42,0.383,0.391,0.98,0.0461,19,23,0.9946,3.09,0.864,12.0,7
8.36,0.526,0.168,2.9,0.0639,19,40,0.9978,3.25,0.544,10.3,5
7.57,0.427,0.28,0.99,0.0761,16,61,0.9966,3.36,0.509,10.3,5
10.17,0.331,0.163,1.79,0.0818,11,21,0.9963,3.05,0.736,11.1,6
9.32,0.449,0.214,1.05,0.0847,10,41,0.996,3.32,0.725,11.1,6
12.96,0.225,0.465,0.67,0.0737,9,6,0.9958,3.14,0.962,13.1,8
8.59,0.455,0.368,2.44,0.0941,26,45,0.9956,3.32,0.639,10.3,5
10.64,0.45,0.251,1.19,0.0443,15,43,0.9977,3.15,0.903,11.9,7
8.77,0.497,0.218,1.18,0.0723,19,40,0.9968,3.26,0.606,10.7,5
11.34,0.431,0.289,1.15,0.0683,5,25,0.9963,3.27,0.832,12.0,7
6.72,0.256,0.234,2.81,0.1023,17,42,0.9954,3.21,0.783,11.4,6
9.82,0.497,0.163,3.87,0.1085,21,51,0.9978,3.23,0.633,10.9,5
10.69,0.362,0.355,2.59,0.0442,10,34,0.9955,3.29,0.839,11.4,7
10.76,0.487,0.325,0.79,0.0556,16,31,0.9964,3.14,0.949,11.6,7
11.23,0.112,0.356,0.83,0.1233,8,13,0.9965,3.25,1.071,11.4,7
7.64,0.759,0.048,3.92,0.1083,21,94,0.9983,3.4,0.512,9.0,3
8.59,0.511,0.268,1.94,0.0642,11,54,0.9975,3.3,0.713,11.0,5
8.09,0.742,0.037,2.98,0.1371,15,70,0.9976,3.45,0.502,8.6,3
5.6,0.665,0.145,2.87,0.1106,20,78,0.9977,3.39,0.684,9.3,3
8.32,0.603,0.264,3.53,0.1317,20,74,0.9965,3.41,0.712,10.2,4
8.17,0.492,0.371,2.75,0.0911,9,35,0.9964,3.3,0.851,10.7,6
5.93,0.664,0.086,3.95,0.1259,22,72,0.9975,3.36,0.549,9.8,3
11.65,0.1,0.506,1.39,0.0397,7,22,0.9967,3.23,1.014,13.1,8
8.57,0.483,0.316,1.56,0.0868,22,34,0.9957,3.3,0.638,10.1,5
7.87,0.714,0.0,3.18,0.0869,22,44,0.9996,3.47,0.431,8.2,3
7.67,0.688,0.23,1.53,0.0664,17,48,0.9985,3.35,0.774,10.5,5
10.42,0.186,0.382,2.34,0.0554,13,38,0.997,3.24,0.771,12.9,8
9.88,0.277,0.522,0.97,0.068,8,12,0.9957,3.31,0.985,13.3,8
10.75,0.402,0.325,1.07,0.0782,14,6,0.9965,3.2,0.899,11.3,7
6.03,0.783,0.152,3.96,0.1267,25,67,0.999,3.67,0.444,9.7,3
10.15,0.141,0.436,0.93,0.0502,5,37,0.9958,3.23,0.741,10.7,7
10.88,0.444,0.511,1.7,0.0405,16,37,0.9958,3.16,0.836,13.2,8
7.54,0.508,0.127,2.03,0.0723,4,43,0.9982,3.17,0.608,10.0,5
12.87,0.365,0.407,1.55,0.01,9,31,0.9966,3.09,0.901,12.6,8
10.15,0.383,0.501,0.78,0.0445,8,21,0.9961,3.31,1.037,11.7,7
7.43,0.557,0.179,2.21,0.1282,18,81,0.999,3.46,0.535,9.8,4
6.92,0.325,0.361,3.15,0.0771,13,37,0.9975,3.29,0.738,9.9,5
7.7,0.602,0.111,1.85,0.1373,17,75,0.9994,3.44,0.494,8.9,3
8.1,0.183,0.517,2.96,0.064,8,22,0.9954,2.91,1.207,12.8,8
10.39,0.316,0.362,2.16,0.0723,9,31,0.996,3.25,0.878,12.5,7
10.3,0.549,0.283,0.63,0.0705,15,15,0.9969,3.24,0.683,11.1,6
9.37,0.627,0.244,3.78,0.0656,25,45,0.9989,3.33,0.688,10.7,5
11.47,0.332,0.452,0.74,0.0802,7,9,0.9958,3.01,1.071,13.1,8
8.36,0.335,0.308,2.51,0.1173,14,38,0.9969,3.25,0.729,10.5,5
7.98,0.575,0.042,4.3,0.1048,28,91,0.9979,3.47,0.466,9.3,3
10.53,0.307,0.421,1.25,0.0482,10,36,0.9956,3.27,0.794,11.6,7
10.38,0.309,0.203,2.65,0.0534,22,46,0.9964,3.25,0.744,11.4,6
11.22,0.341,0.473,1.61,0.0762,8,48,0.9968,3.15,0.83,13.3,8
8.52,0.383,0.243,4.01,0.0654,11,46,0.997,3.4,0.624,10.4,5
8.91,0.335,0.113,2.14,0.0804,9,40,0.9975,3.3,0.865,10.4,5
7.45,0.584,0.093,2.84,0.0946,27,70,0.9975,3.46,0.784,10.0,4
6.22,0.436,0.059,3.89,0.1359,22,79,0.9975,3.48,0.368,9.4,3
9.64,0.465,0.217,2.93,0.0454,16,44,0.9995,3.32,0.661,10.0,5
9.35,0.465,0.417,1.73,0.0542,5,30,0.9963,3.12,0.843,10.8,6
9.8,0.422,0.291,1.27,0.0992,12,42,0.996,3.09,0.801,11.7,7
8.92,0.417,0.282,2.85,0.016,14,27,0.9985,3.17,0.591,11.0,6
6.12,0.751,0.0,3.52,0.1169,23,47,0.9996,3.24,0.444,9.2,3
9.69,0.374,0.352,2.56,0.0464,7,61,0.9975,3.18,0.77,10.7,6
11.0,0.378,0.355,1.98,0.0877,6,39,0.9947,3.11,0.96,12.2,7
12.06,0.138,0.493,0.97,0.0521,9,22,0.9957,3.09,0.926,12.8,8
7.9,0.459,0.306,3.1,0.1276,17,64,0.9976,3.4,0.615,9.0,4
6.78,0.732,0.278,2.8,0.1174,30,71,0.9972,3.33,0.522,10.2,4
11.45,0.187,0.404,1.42,0.071,5,24,0.9954,3.18,0.912,12.5,8
9.62,0.505,0.208,2.17,0.1055,11,41,0.9964,3.38,0.7,10.6,5
10.83,0.208,0.509,1.05,0.0293,9,22,0.9971,3.16,0.911,12.9,8
8.21,0.515,0.188,2.55,0.0557,16,51,0.9975,3.38,0.686,10.3,5
10.9,0.153,0.416,1.46,0.0276,19,21,0.9976,3.34,0.751,11.9,7
8.8,0.539,0.162,2.26,0.1083,13,72,0.9986,3.33,0.686,10.5,4
8.5,0.333,0.245,2.11,0.089,19,42,0.9976,3.4,0.58,10.3,5
10.27,0.335,0.251,2.73,0.0694,18,13,0.9974,3.22,0.818,11.3,6
11.74,0.406,0.465,2.56,0.0493,3,22,0.9954,3.26,0.851,11.8,7
10.06,0.24,0.448,0.79,0.0396,10,31,0.9964,3.25,0.892,11.7,7
5.82,0.638,0.329,1.7,0.0743,16,33,0.996,3.27,0.601,10.1,5
10.16,0.232,0.498,2.0,0.051,8,14,0.9949,3.25,0.891,13.1,8
9.23,0.42,0.324,1.46,0.0553,20,7,0.9959,3.39,0.774,11.3,6
9.24,0.554,0.248,2.78,0.0685,22,26,0.9965,3.29,0.667,10.0,5
9.14,0.373,0.462,1.59,0.0134,14,10,0.9955,3.08,0.856,12.4,8
9.9,0.403,0.492,1.64,0.0746,1,6,0.9959,3.02,1.042,12.9,8
7.11,0.618,0.333,2.24,0.1136,16,52,0.997,3.34,0.453,10.2,5
10.05,0.355,0.395,2.05,0.0389,8,51,0.9956,3.13,0.994,11.9,7
6.55,0.76,0.123,3.69,0.1094,25,66,0.9975,3.5,0.403,8.5,3
6.96,0.603,0.216,3.68,0.1277,24,72,0.9974,3.46,0.761,10.1,4
7.76,0.848,0.096,3.25,0.1313,20,59,1.0001,3.42,0.556,9.5,3
10.77,0.252,0.233,2.29,0.0548,8,38,0.9954,3.23,0.913,11.3,7
6.82,0.885,0.175,4.32,0.156,25,73,0.9983,3.43,0.579,9.0,3
9.09,0.624,0.034,2.55,0.1067,14,44,0.9978,3.47,0.461,9.7,4
7.34,0.73,0.072,3.6,0.1338,22,75,0.9986,3.38,0.55,9.2,3
7.99,0.562,0.145,3.2,0.1251,14,51,0.9978,3.45,0.561,10.2,4
9.2,0.343,0.282,1.2,0.0649,11,24,0.9979,3.29,0.668,10.7,6
9.92,0.332,0.385,1.53,0.0473,9,38,0.9959,3.08,0.768,11.3,7
10.4,0.448,0.303,1.74,0.038,14,19,0.9966,3.09,0.781,11.9,7
9.49,0.49,0.216,2.12,0.0893,14,52,0.9975,3.34,0.821,10.4,5
6.51,0.46,0.07,3.37,0.1153,12,32,0.9965,3.48,0.609,10.1,4
7.02,0.638,0.161,3.22,0.0756,23,73,0.9986,3.49,0.512,9.8,4
8.25,0.653,0.283,2.8,0.1011,18,64,0.9979,3.52,0.517,9.7,4
10.14,0.429,0.32,1.64,0.0548,10,27,0.9969,3.16,0.867,11.8,7
8.7,0.466,0.317,1.52,0.0816,16,28,0.9967,3.25,0.846,11.2,6
10.96,0.53,0.418,2.69,0.0521,5,41,0.997,3.18,0.762,10.4,6
10.47,0.31,0.477,0.6,0.0567,11,14,0.9961,3.12,0.926,12.8,8
8.66,0.664,0.128,2.21,0.0557,18,54,0.9982,3.51,0.481,10.3,4
9.17,0.313,0.24,2.19,0.074,14,66,0.9974,3.28,0.617,10.7,5
7.0,0.851,0.154,3.86,0.0835,26,61,0.998,3.44,0.386,8.7,3
11.7,0.367,0.636,1.82,0.0524,15,26,0.9969,3.16,0.707,11.5,7
9.72,0.169,0.398,1.28,0.0368,6,27,0.9962,3.04,0.63,12.2,8
7.51,0.417,0.382,0.98,0.0696,7,14,0.9966,3.36,0.779,10.9,6
9.39,0.455,0.285,1.7,0.0765,20,6,0.9961,3.33,0.915,13.0,7
8.37,0.288,0.327,1.58,0.042,13,51,0.9967,3.3,0.891,11.3,7
6.45,0.566,0.115,2.58,0.0719,17,55,0.9979,3.23,0.673,9.9,4
9.61,0.318,0.53,0.89,0.0279,1,17,0.9959,3.3,1.062,13.1,8
9.59,0.439,0.495,1.57,0.0372,13,38,0.9966,3.09,0.48,10.5,5
10.87,0.383,0.563,1.16,0.0618,1,17,0.9965,3.03,1.142,12.3,8
7.58,1.001,0.085,3.8,0.1038,25,68,1.0008,3.56,0.408,9.1,3
8.55,0.512,0.163,1.2,0.0964,24,54,0.9982,3.23,0.672,10.5,5
8.41,0.117,0.387,1.61,0.0539,14,27,0.9978,3.13,0.834,11.9,7
5.73,0.707,0.044,3.16,0.1231,12,90,0.9977,3.52,0.403,8.7,3
6.49,0.869,0.04,3.29,0.1145,22,73,0.999,3.46,0.591,9.1,3
10.66,0.345,0.594,0.99,0.0589,1,8,0.9956,3.06,0.901,12.3,8
9.5,0.256,0.459,1.86,0.0732,7,37,0.9979,3.15,0.642,12.3,7
11.94,0.136,0.52,1.12,0.0659,11,14,0.9944,3.1,0.799,12.5,8
12.03,0.318,0.589,1.01,0.0436,11,6,0.9955,3.13,0.955,13.0,8
7.78,0.514,0.397,1.84,0.0821,5,22,0.9971,3.24,0.748,10.2,6
8.74,0.288,0.4,1.11,0.0317,18,33,0.9965,3.27,0.843,11.1,7
5.26,0.848,0.115,3.78,0.1305,19,82,0.999,3.33,0.372,8.9,3
7.68,0.548,0.196,3.11,0.1209,20,41,0.9982,3.32,0.509,9.6,4
11.44,0.485,0.46,1.11,0.0432,15,18,0.9959,3.16,0.866,12.4,8
7.18,0.534,0.23,1.22,0.0458,9,59,0.9965,3.37,0.743,10.8,5
8.22,0.88,0.135,4.68,0.1226,16,63,0.9968,3.48,0.441,9.3,3
9.34,0.22,0.426,1.47,0.0515,8,30,0.9961,3.19,0.811,11.8,7
8.03,0.399,0.234,1.8,0.1023,13,14,0.9983,3.33,0.603,10.4,5
10.88,0.444,0.424,1.68,0.0937,11,22,0.9965,3.29,1.02,12.1,7
7.43,0.538,0.262,3.22,0.0949,12,65,0.996,3.37,0.716,10.0,4
7.32,0.622,0.25,2.37,0.0966,23,77,0.9961,3.29,0.694,10.3,4
6.86,0.75,0.039,4.48,0.1525,20,61,0.9989,3.41,0.415,9.3,3
11.31,0.395,0.361,1.06,0.0837,7,42,0.9962,3.36,0.539,11.2,6
11.3,0.307,0.568,1.17,0.0356,7,30,0.9948,3.04,0.941,12.0,8
8.65,0.379,0.409,2.54,0.0694,13,26,0.9968,3.14,0.67,11.1,6
7.42,0.76,0.088,2.9,0.1209,19,72,0.9976,3.39,0.445,9.1,3
10.14,0.348,0.262,1.39,0.0494,16,61,0.9968,3.24,0.596,11.2,6
8.81,0.349,0.534,0.5,0.0887,3,31,0.9963,3.17,0.924,13.4,8
6.34,0.665,0.155,2.16,0.1421,23,55,0.9975,3.32,0.604,10.9,4
10.97,0.444,0.53,2.02,0.088,14,16,0.9976,3.27,0.987,12.0,7
6.94,0.481,0.158,2.23,0.0964,21,63,0.9984,3.36,0.6,9.7,4
7.55,0.708,0.015,4.13,0.1475,26,68,0.9977,3.58,0.466,8.8,3
11.04,0.399,0.466,1.92,0.0263,2,37,0.9957,3.15,1.021,12.8,8
7.41,0.485,0.231,1.72,0.0435,8,35,0.997,3.23,0.813,11.4,6
9.63,0.411,0.235,1.08,0.0731,14,49,0.9968,3.29,0.696,10.2,5
8.68,0.361,0.145,2.1,0.0707,19,30,0.9977,3.31,0.767,10.4,6
12.3,0.443,0.473,0.89,0.0245,19,31,0.9965,3.15,0.864,12.0,7
8.13,0.879,0.163,3.35,0.1085,21,55,0.9982,3.46,0.374,8.4,3
7.45,0.533,0.381,2.36,0.0931,13,39,0.9958,3.15,0.753,10.9,6
9.31,0.522,0.136,2.21,0.0732,10,74,0.9968,3.31,0.643,10.8,5
7.32,0.553,0.297,3.48,0.0896,8,26,0.9985,3.2,0.546,10.1,5
8.0,0.508,0.354,2.9,0.0676,14,63,0.9969,3.19,0.724,10.5,5
11.88,0.197,0.536,1.91,0.0643,14,50,0.9971,3.16,0.773,13.7,8
9.39,0.37,0.383,1.58,0.0614,18,45,0.9957,3.26,0.612,10.8,5
7.07,0.504,0.17,2.87,0.1431,20,55,0.9989,3.37,0.471,10.3,4
8.66,0.418,0.537,1.99,0.0406,5,13,0.9959,3.27,0.882,12.5,7
7.05,0.763,0.041,2.68,0.1099,15,71,0.9991,3.39,0.537,9.5,3
6.84,0.697,0.051,3.7,0.1409,23,77,0.9979,3.54,0.562,8.8,3
10.98,0.357,0.408,2.01,0.052,5,6,0.9953,3.08,0.983,12.8,8
7.06,0.359,0.51,2.46,0.0938,8,26,0.9975,3.23,0.946,12.0,6
8.75,0.437,0.526,0.89,0.022,12,32,0.9961,3.17,0.983,12.5,7
10.12,0.245,0.247,0.5,0.0653,17,33,0.9967,3.17,0.873,11.8,7
5.55,0.627,0.147,2.82,0.0932,19,72,0.9992,3.43,0.599,9.1,3
9.03,0.584,0.274,2.77,0.084,8,43,0.9957,3.24,0.693,11.6,6
8.63,0.361,0.459,1.12,0.0347,14,32,0.9951,3.13,0.757,11.4,7
8.97,0.271,0.53,0.7,0.0395,9,12,0.9961,3.23,0.94,12.8,8
6.87,0.785,0.0,2.71,0.0932,24,83,0.999,3.48,0.329,9.0,3
8.04,0.338,0.239,1.99,0.0752,19,44,0.9978,3.34,0.621,10.2,5
9.62,0.335,0.646,2.16,0.0574,11,24,0.9962,3.32,0.808,11.2,7
9.57,0.397,0.271,1.02,0.0672,11,66,0.9981,3.21,0.645,11.4,6
11.32,0.29,0.553,1.46,0.0664,9,37,0.9971,3.32,1.088,12.4,8
8.1,0.625,0.102,3.86,0.1017,15,62,0.9978,3.44,0.712,9.5,4
5.08,0.846,0.008,4.28,0.1116,23,69,0.9982,3.44,0.331,8.9,3
7.75,0.491,0.227,2.5,0.0946,19,55,0.9977,3.3,0.756,10.1,5
10.17,0.486,0.356,2.53,0.062,7,33,0.9961,3.27,0.915,10.3,6
8.26,0.559,0.1,3.38,0.1185,27,71,0.9977,3.51,0.449,9.1,3
7.29,0.87,0.131,4.05,0.1048,13,94,0.9984,3.44,0.509,8.5,3
7.16,0.709,0.168,2.93,0.0846,22,90,0.9992,3.4,0.532,8.9,3
8.27,0.555,0.168,2.13,0.0708,16,42,0.997,3.3,0.652,10.2,5
8.21,0.563,0.255,2.48,0.0895,21,26,0.9971,3.26,0.909,11.2,6
8.87,0.289,0.561,2.3,0.01,5,20,0.9963,3.2,0.841,12.8,8
9.81,0.232,0.47,1.87,0.0339,3,10,0.997,3.2,0.754,13.1,8
11.49,0.231,0.46,1.39,0.0266,5,14,0.9964,3.19,1.099,12.5,8
12.23,0.395,0.435,2.3,0.0484,2,38,0.9951,3.13,0.842,12.5,8
6.37,0.443,0.249,2.57,0.0631,20,56,0.9969,3.29,0.488,10.2,5
7.81,0.362,0.412,1.93,0.0758,10,59,0.9969,3.37,0.625,10.6,5
8.77,0.665,0.101,2.48,0.0797,23,80,0.9975,3.41,0.454,10.0,4
10.33,0.293,0.362,1.26,0.0529,3,8,0.9946,3.29,0.876,13.2,8
7.95,0.633,0.0,2.68,0.119,20,68,0.9982,3.41,0.558,9.6,3
9.2,0.224,0.502,1.3,0.0846,12,21,0.9961,3.24,0.823,12.3,7
7.83,0.222,0.594,0.5,0.0542,13,17,0.9965,3.19,0.864,12.2,7
9.59,0.261,0.619,1.53,0.067,13,8,0.9953,3.14,1.112,12.1,8
6.55,0.786,0.155,2.79,0.0743,27,72,0.9997,3.41,0.55,9.4,3
13.45,0.197,0.549,1.48,0.0374,11,6,0.9973,3.18,0.696,13.5,8
8.49,0.366,0.373,1.6,0.0488,12,32,0.9982,3.14,0.646,10.7,6
5.55,0.961,0.109,3.85,0.1224,20,91,0.998,3.57,0.401,9.1,3
10.25,0.258,0.566,1.45,0.041,2,29,0.9959,3.25,0.859,13.1,8
12.24,0.389,0.536,1.89,0.0368,5,26,0.9962,3.03,1.014,13.1,8
7.09,0.769,0.119,2.26,0.0873,29,72,0.9998,3.42,0.588,9.3,3
5.57,0.62,0.149,3.89,0.1653,23,74,0.9969,3.51,0.369,9.6,3
9.29,0.496,0.485,0.5,0.0491,10,26,0.9962,3.26,0.984,11.7,7
9.53,0.428,0.34,1.98,0.0772,16,14,0.9963,3.42,0.763,11.6,6
8.89,0.464,0.237,1.83,0.0782,22,19,0.9958,3.27,0.602,11.3,5
6.01,0.944,0.09,3.45,0.0732,21,56,0.9987,3.43,0.37,8.9,3
9.43,0.31,0.342,1.86,0.0711,14,53,0.9984,3.13,0.805,11.1,6
7.88,0.559,0.177,2.36,0.1119,12,53,0.9972,3.42,0.651,9.2,4
9.02,0.62,0.149,3.53,0.0885,19,59,0.9981,3.36,0.629,9.3,4
8.49,0.741,0.234,2.84,0.0965,11,60,0.9967,3.38,0.609,10.7,5
11.06,0.419,0.456,1.61,0.072,1,34,0.9961,3.15,1.071,12.6,8
9.13,0.322,0.313,2.31,0.084,8,16,0.9965,3.19,0.749,10.8,6
8.74,0.594,0.245,2.61,0.0704,15,32,0.9978,3.27,0.582,10.6,5
11.26,0.323,0.465,1.03,0.0306,11,21,0.9953,3.05,1.053,13.2,8
12.15,0.195,0.423,1.31,0.0868,13,15,0.9957,2.98,0.915,13.1,8
5.53,0.847,0.0,3.63,0.1061,25,63,0.9987,3.51,0.557,9.6,3
6.4,0.718,0.09,3.69,0.1179,16,76,0.9995,3.43,0.407,8.9,3
12.37,0.28,0.478,1.12,0.0644,18,23,0.9945,3.28,0.903,12.8,8
8.36,0.626,0.428,2.32,0.0677,9,12,0.9974,3.22,0.694,10.6,6
9.1,0.664,0.035,2.44,0.1282,14,45,0.9963,3.32,0.58,9.2,4
11.09,0.295,0.348,1.49,0.0112,13,42,0.9963,3.22,0.841,11.6,7
9.09,0.368,0.435,1.97,0.0945,1,10,0.9956,3.06,0.825,13.0,8
10.41,0.476,0.357,2.57,0.0811,18,28,0.9949,3.39,0.685,10.9,6
8.25,0.507,0.086,2.74,0.0923,12,76,0.999,3.5,0.509,10.5,4
10.42,0.391,0.264,1.52,0.069,10,8,0.9983,3.27,0.646,10.4,6
9.64,0.355,0.346,1.32,0.0901,9,17,0.9964,3.12,0.754,10.6,6
10.08,0.271,0.547,2.39,0.0278,5,35,0.9951,3.17,0.92,12.9,8
8.2,0.569,0.245,2.22,0.0783,20,46,0.9981,3.32,0.682,9.6,5
10.71,0.225,0.312,1.32,0.048,18,17,0.9971,3.26,0.956,12.5,7
7.5,0.864,0.114,4.28,0.1276,26,70,0.9989,3.3,0.641,9.4,3
10.76,0.41,0.45,1.13,0.0605,6,51,0.9955,3.17,0.918,11.8,7
9.72,0.418,0.55,1.64,0.0636,9,44,0.9964,3.2,0.684,11.1,6
6.19,0.76,0.015,3.61,0.0918,24,82,0.9977,3.36,0.426,9.1,3
7.97,0.458,0.206,3.27,0.0739,15,71,0.9984,3.48,0.55,9.9,4
12.1,0.469,0.439,0.5,0.0353,1,36,0.9955,3.11,0.82,12.7,8
10.82,0.421,0.266,1.81,0.0581,19,34,0.9967,3.17,0.883,12.2,7
11.27,0.36,0.441,1.17,0.0221,11,25,0.9972,3.13,0.675,12.6,8
8.37,0.516,0.287,1.83,0.0954,18,29,0.9961,3.31,0.681,9.6,5
9.55,0.664,0.441,1.81,0.0252,9,17,0.995,3.2,0.981,11.7,7
7.98,0.681,0.154,3.95,0.1202,17,61,0.9973,3.38,0.606,9.7,4
10.19,0.439,0.231,3.53,0.1328,14,53,0.9974,3.38,0.608,9.5,4
8.69,0.17,0.312,1.02,0.0421,5,17,0.9964,3.18,0.826,11.9,7
7.43,0.746,0.038,4.7,0.1131,25,86,0.9979,3.41,0.471,8.9,3
9.7,0.595,0.356,1.66,0.1036,17,49,0.998,3.28,0.74,11.1,6
5.8,0.659,0.108,2.1,0.1083,20,42,0.9969,3.39,0.609,9.6,4
11.23,0.329,0.467,1.5,0.049,3,6,0.9953,3.28,1.005,12.9,8
8.97,0.545,0.222,2.67,0.1173,8,58,0.9975,3.21,0.669,11.1,5
9.15,0.321,0.492,1.38,0.0562,3,23,0.997,3.15,0.684,11.9,7
7.19,0.853,0.182,3.62,0.1522,18,93,0.9976,3.38,0.583,9.8,3
8.33,0.402,0.177,3.06,0.058,14,28,0.9972,3.26,0.735,10.4,5
9.2,0.469,0.198,1.96,0.0422,14,26,0.9971,3.28,1.009,10.7,6
7.76,0.664,0.22,4.71,0.1156,27,85,0.9988,3.4,0.631,9.0,3
6.7,0.877,0.171,3.21,0.1466,16,66,0.9977,3.51,0.424,9.1,3
5.0,0.66,0.07,2.38,0.0643,26,72,0.9977,3.51,0.492,9.8,3
9.75,0.346,0.356,1.27,0.0508,9,57,0.9971,3.13,0.961,11.9,7
7.29,0.807,0.07,3.41,0.1099,25,72,0.9974,3.64,0.558,9.8,3
11.8,0.395,0.254,1.28,0.0533,12,39,0.996,3.31,0.826,10.9,6
9.16,0.526,0.356,1.78,0.0638,9,34,0.995,3.39,0.744,11.2,6
8.83,0.687,0.192,2.31,0.0853,29,65,0.9981,3.41,0.542,9.8,4
9.41,0.484,0.304,2.09,0.0768,16,38,0.9971,3.33,0.567,10.5,5
9.33,0.534,0.322,3.23,0.0751,6,47,0.9969,3.44,0.582,10.6,5
11.33,0.435,0.524,1.55,0.0472,3,36,0.9971,3.14,0.857,13.6,8
5.98,0.569,0.081,2.92,0.112,23,70,0.9984,3.41,0.75,8.7,3
6.52,0.539,0.16,2.62,0.0728,17,82,0.9979,3.37,0.494,9.6,4
6.75,0.469,0.252,2.35,0.1207,3,50,0.9962,3.35,0.607,10.3,5
7.84,0.611,0.244,2.86,0.0954,18,88,0.9973,3.25,0.667,10.9,5
11.55,0.244,0.523,1.1,0.0545,17,27,0.997,3.16,1.092,13.0,8
6.42,0.7,0.082,2.41,0.1209,25,68,0.9991,3.28,0.493,9.4,3
6.58,0.489,0.219,1.65,0.0443,15,40,0.9955,3.36,0.73,10.0,5
8.04,0.594,0.153,2.97,0.1511,29,90,0.9979,3.48,0.495,9.5,3
7.24,0.895,0.195,3.66,0.108,19,77,0.9993,3.59,0.586,8.6,3
10.44,0.302,0.425,1.15,0.0887,9,22,0.9957,3.24,0.849,12.0,8
8.79,0.429,0.167,1.76,0.1496,21,71,0.9973,3.42,0.633,9.7,4
6.75,0.779,0.024,4.04,0.0828,24,73,0.9986,3.61,0.365,9.0,3
6.36,0.716,0.05,4.29,0.1476,27,78,0.9987,3.38,0.303,9.6,3
10.1,0.1,0.578,0.5,0.0675,9,23,0.9963,3.16,0.942,13.3,8
8.57,0.437,0.335,2.16,0.0319,13,19,0.996,3.34,0.633,11.0,6
6.11,0.582,0.151,2.96,0.0979,23,72,0.9983,3.43,0.533,9.6,4
11.56,0.43,0.354,0.61,0.0246,7,10,0.9943,3.21,0.95,12.4,8
8.47,0.378,0.4,2.1,0.068,10,33,0.996,3.16,0.815,11.2,7
8.3,0.574,0.256,3.72,0.1162,22,41,0.9965,3.29,0.817,10.2,5
8.13,0.308,0.447,2.05,0.021,6,23,0.9966,3.18,0.872,11.9,7
7.98,0.595,0.071,3.09,0.1122,27,64,0.9992,3.42,0.455,9.7,3
10.03,0.523,0.481,0.83,0.0695,1,56,0.997,3.28,0.711,11.1,6
6.31,0.819,0.0,4.09,0.1329,21,84,0.9977,3.39,0.511,9.5,3
9.1,0.389,0.591,1.75,0.0813,6,16,0.9953,3.05,1.031,13.3,8
8.63,0.612,0.313,1.58,0.0935,15,41,0.9957,3.12,0.658,10.7,6
8.64,0.644,0.229,3.12,0.0761,14,44,0.9972,3.53,0.527,10.6,4
11.26,0.638,0.374,2.68,0.0411,10,23,0.9964,3.3,0.894,12.1,8
9.73,0.485,0.278,1.43,0.0663,16,58,0.9979,3.11,0.535,11.7,6
8.84,0.711,0.166,2.75,0.1108,17,67,0.9981,3.32,0.713,9.6,4
7.46,0.264,0.261,0.51,0.0512,13,32,0.9972,3.27,0.673,11.0,6
8.69,0.377,0.447,1.95,0.0645,10,35,0.9972,3.1,0.701,12.1,7
8.68,0.587,0.17,2.85,0.1015,25,67,0.9985,3.39,0.486,10.3,4
9.17,0.605,0.548,1.02,0.0164,9,31,0.9952,3.26,0.86,12.5,8
11.75,0.1,0.536,1.32,0.0882,7,26,0.9965,3.17,0.941,12.7,8
10.06,0.364,0.338,1.72,0.0976,1,54,0.9968,3.17,0.815,11.0,7
11.05,0.314,0.472,0.71,0.0478,8,23,0.997,3.18,0.89,13.0,8
6.95,0.904,0.0,3.72,0.1402,19,62,0.9984,3.52,0.472,9.0,3
7.12,0.337,0.226,1.61,0.069,18,48,0.9968,3.31,0.693,10.5,5
9.32,0.248,0.443,0.72,0.0366,2,31,0.9958,3.17,0.889,12.7,8
10.82,0.266,0.387,1.51,0.0573,14,10,0.9959,3.07,1.001,13.4,8
10.21,0.497,0.359,3.57,0.0863,13,43,0.9958,3.24,0.779,10.4,6
11.17,0.101,0.471,2.31,0.0264,11,17,0.9966,3.06,0.897,13.1,8
7.26,0.877,0.281,2.29,0.0853,11,64,0.9975,3.51,0.634,9.3,3
10.96,0.396,0.466,1.91,0.036,11,6,0.995,3.17,0.871,12.9,8
11.98,0.405,0.384,1.19,0.0777,24,28,0.9968,3.06,0.898,12.8,8
8.83,0.32,0.254,2.12,0.0536,14,33,0.9958,3.27,0.809,10.7,6
11.0,0.168,0.588,1.53,0.0414,7,6,0.9962,3.2,1.03,12.6,8
8.81,0.394,0.111,1.74,0.0647,13,51,0.9963,3.37,0.547,10.6,5
8.2,0.492,0.202,2.9,0.0785,11,50,0.9966,3.17,0.613,11.0,5
7.08,0.696,0.207,2.78,0.0998,18,62,0.997,3.52,0.538,9.5,4
7.14,0.533,0.27,1.96,0.1122,12,45,0.999,3.23,0.478,9.9,5
8.65,0.59,0.181,1.34,0.0814,20,48,0.9971,3.31,0.869,10.5,5
7.65,0.651,0.364,2.55,0.0736,15,45,0.9978,3.37,0.766,10.5,5
9.63,0.296,0.301,2.28,0.0658,15,40,0.9975,3.17,0.713,10.8,6
8.27,0.468,0.223,1.17,0.1128,22,29,0.996,3.14,0.716,10.3,5
6.48,0.886,0.173,3.74,0.1138,16,79,0.9965,3.5,0.328,9.1,3
6.75,0.698,0.067,3.61,0.121,24,64,0.9979,3.39,0.492,9.7,3
10.88,0.647,0.251,3.07,0.062,17,44,0.9963,3.31,0.808,11.1,6
7.24,0.468,0.134,3.19,0.0828,21,66,0.9967,3.25,0.557,10.5,5
8.55,0.552,0.266,1.77,0.0924,11,28,0.9975,3.4,0.533,11.3,5
8.18,0.405,0.278,1.55,0.0818,8,45,0.997,3.27,0.708,11.8,6
10.1,0.42,0.344,0.97,0.0693,5,46,0.9963,3.29,0.79,11.2,7
9.24,0.341,0.331,1.11,0.0645,9,32,0.9962,3.25,0.669,12.3,7
10.33,0.476,0.402,1.57,0.0664,11,26,0.9961,3.14,0.694,11.9,7
6.75,0.679,0.06,3.33,0.1226,27,74,0.9967,3.44,0.324,9.6,3
7.88,0.78,0.088,3.31,0.1172,25,50,0.9999,3.49,0.48,9.1,3
11.43,0.266,0.653,0.77,0.125,2,6,0.9959,3.22,0.928,12.8,8
10.43,0.408,0.468,1.33,0.0893,7,19,0.9946,3.24,0.895,12.6,8
8.8,0.616,0.227,2.02,0.0909,17,43,0.9974,3.46,0.58,10.3,4
10.59,0.6,0.172,1.9,0.0939,13,41,0.9963,3.28,0.47,10.4,5
6.91,0.812,0.073,3.56,0.1353,20,86,0.9975,3.61,0.503,9.2,3
5.2,0.879,0.026,4.82,0.0992,17,94,0.9977,3.56,0.587,9.2,3
6.61,0.601,0.013,3.41,0.0992,20,73,0.9965,3.33,0.472,9.4,4
7.56,0.908,0.201,4.91,0.1148,33,68,0.9991,3.37,0.327,9.0,3
8.77,0.383,0.447,1.06,0.1366,12,29,0.9949,3.27,0.587,10.8,6
12.04,0.335,0.432,0.5,0.069,11,26,0.9961,3.13,0.856,12.7,8
10.01,0.461,0.248,0.85,0.0831,4,49,0.9979,3.3,0.762,10.9,6
12.26,0.198,0.487,2.03,0.0584,7,20,0.9951,3.19,0.848,12.9,8
8.68,0.744,0.349,2.71,0.1263,12,56,0.9979,3.43,0.435,10.3,4
7.27,0.818,0.137,3.22,0.1472,28,55,0.9972,3.37,0.418,9.6,3
8.49,0.809,0.093,2.31,0.1274,17,52,0.9987,3.45,0.4,9.2,3
6.19,0.702,0.26,3.15,0.1074,16,62,0.9986,3.41,0.533,9.9,4
10.04,0.289,0.421,1.31,0.0838,3,12,0.9969,3.09,0.849,11.4,7
8.2,0.794,0.121,3.48,0.1438,12,73,0.9993,3.55,0.571,9.3,3
7.45,0.567,0.303,2.93,0.1033,8,23,0.9993,3.51,0.501,9.5,4
11.43,0.492,0.496,0.91,0.0485,11,36,0.9961,3.21,1.152,13.0,8
7.66,0.46,0.2,2.51,0.0762,24,38,0.9971,3.14,0.462,11.0,5
